index,subject,period,musician,spectrogram
0,14,pre,1,"[[[[-2.93586416e-07-1.28914848e-06j  1.28052372e-06-2.73302798e-07j
     3.71948070e-07+1.23936973e-06j ...  3.13002763e-07-3.05357833e-07j
     2.47908807e-07+3.10225054e-07j -3.28160654e-07+2.16716920e-07j]
   [-1.18549578e-07-1.53976841e-06j  1.51079378e-06-3.61332514e-07j
     5.21858292e-07+1.37874036e-06j ... -3.70796324e-07+2.70973324e-07j
    -3.55348504e-07-2.63705793e-07j  1.20177541e-07-3.54241345e-07j]
   [ 1.17782550e-06-1.52915539e-06j  1.75219962e-06+7.70221916e-07j
    -3.23104302e-07+1.92045437e-06j ... -1.27065669e-06+7.85763306e-07j
    -1.07359992e-06-9.38219408e-07j  6.30789499e-07-1.27148750e-06j]
   ...
   [-4.30022106e-07-5.20464200e-06j  1.69210963e-07-5.14325222e-06j
     4.53517751e-07-5.08416876e-06j ...  1.16452076e-06+5.59436238e-06j
     8.47414189e-07+5.69247210e-06j  3.38875763e-07+5.69219197e-06j]
   [ 2.40093376e-06-5.47016021e-06j  2.46680572e-06-5.31918441e-06j
     3.68300491e-06-4.82141426e-06j ...  3.04293042e-06+5.51311282e-06j
     2.12001303e-06+5.71608603e-06j  1.86113390e-06+5.73516494e-06j]
   [ 4.63913677e-06-4.25322493e-06j  4.78140939e-06-4.00704716e-06j
     5.69701156e-06-3.64474918e-06j ...  3.92396546e-06+5.48214039e-06j
     3.49673090e-06+5.26553141e-06j  3.35370709e-06+5.59464657e-06j]]

  [[-5.41391437e-07-1.54363457e-06j  1.58901126e-06-5.49680381e-07j
     6.52157579e-07+1.58176880e-06j ...  1.01428279e-06-4.38480417e-07j
     3.54628387e-07+9.85272443e-07j -1.00582815e-06+3.62343491e-07j]
   [-2.28854353e-08-1.58319979e-06j  1.56388769e-06-2.27803956e-07j
     3.69943917e-07+1.46265690e-06j ...  4.01165970e-07+1.17046263e-08j
    -3.26915147e-08+4.49105077e-07j -5.19981433e-07+7.17292428e-08j]
   [ 1.02402101e-06-1.46661605e-06j  1.63981720e-06+6.30865981e-07j
    -2.19885696e-07+1.76778755e-06j ... -6.49009255e-07+6.46229770e-07j
    -8.28024498e-07-3.83000113e-07j  1.92539807e-07-9.55969546e-07j]
   ...
   [-3.46093870e-07-4.93751589e-06j  9.76569660e-08-4.88693629e-06j
     5.05961144e-07-4.79926377e-06j ...  9.77683675e-07+5.31447427e-06j
     5.51777905e-07+5.37522097e-06j  2.22313653e-07+5.30376063e-06j]
   [ 2.36498050e-06-4.92570650e-06j  2.31740831e-06-4.88340553e-06j
     3.51267278e-06-4.37116135e-06j ...  2.43753240e-06+5.01081224e-06j
     1.51293382e-06+5.30676795e-06j  1.40336156e-06+5.41083604e-06j]
   [ 4.44287124e-06-3.51764318e-06j  4.61336162e-06-3.31637370e-06j
     5.28644014e-06-3.14755382e-06j ...  3.15063298e-06+5.12039946e-06j
     2.66739170e-06+4.89673370e-06j  2.64581666e-06+5.06732890e-06j]]

  [[-4.09992674e-07-1.47007185e-06j  1.42551150e-06-3.97246685e-07j
     5.37978750e-07+1.34438404e-06j ...  2.14000997e-07-1.53267338e-07j
     1.36223381e-07+1.91194950e-07j -2.04379946e-07+1.01822439e-07j]
   [-3.35518243e-07-2.09851301e-06j  2.04298104e-06-6.85529452e-07j
     9.34500944e-07+1.85257553e-06j ... -2.16245919e-07+2.07065101e-07j
    -2.64598476e-07-1.46877822e-07j  4.46346431e-08-2.44161090e-07j]
   [ 1.69171117e-06-2.07008978e-06j  2.39865987e-06+1.15510304e-06j
    -5.59609560e-07+2.65905592e-06j ... -8.26926525e-07+4.09753197e-07j
    -6.17501801e-07-6.41519989e-07j  4.71072731e-07-7.76094878e-07j]
   ...
   [-9.32945124e-07-4.73999156e-06j -1.73512807e-07-4.66562073e-06j
    -8.24199100e-08-4.65717034e-06j ...  1.57602139e-06+5.21051922e-06j
     1.41758744e-06+5.36434775e-06j  8.02165846e-07+5.37835967e-06j]
   [ 2.19556415e-06-5.36143733e-06j  2.17328843e-06-5.27762386e-06j
     3.43204356e-06-4.77934412e-06j ...  2.97133171e-06+5.15684791e-06j
     2.15072203e-06+5.43499839e-06j  2.19963787e-06+5.38421931e-06j]
   [ 4.66457408e-06-4.25887112e-06j  4.60185817e-06-4.14807850e-06j
     5.68959162e-06-3.80068075e-06j ...  3.89229891e-06+5.57769277e-06j
     3.57819342e-06+5.30041872e-06j  3.44331502e-06+5.77167367e-06j]]

  ...

  [[-1.93729959e-07-3.24188990e-07j  3.54374177e-07-1.91408870e-07j
     2.93780284e-07+2.95971972e-07j ...  6.09250891e-07-2.44710058e-07j
     3.59055193e-07+6.05512431e-07j -4.88275727e-07+3.66284632e-07j]
   [-3.11535911e-07-6.19453650e-07j  5.72755154e-07-4.29202949e-07j
     5.09990505e-07+4.63552577e-07j ...  1.00978986e-06-7.44386047e-07j
     8.74990024e-07+8.36237862e-07j -6.49472079e-07+9.09361622e-07j]
   [ 5.26151913e-07-9.90217946e-07j  1.12034506e-06+2.59948921e-07j
     2.99394250e-08+1.19381857e-06j ...  1.00153221e-06-6.54822366e-07j
     7.87015753e-07+8.37739626e-07j -6.63588707e-07+9.32992666e-07j]
   ...
   [-3.38630865e-06-1.07719652e-06j -3.12483585e-06-1.29861789e-06j
    -3.18180476e-06-1.53626684e-06j ...  3.64093720e-06+8.18779447e-07j
     3.71624143e-06+1.03647033e-06j  3.49786535e-06+1.28847701e-06j]
   [-2.04937681e-06-2.45828458e-06j -2.05936228e-06-2.82421526e-06j
    -1.64085330e-06-3.29420754e-06j ...  3.52291706e-06+4.24655046e-07j
     3.32958746e-06+7.22753950e-07j  3.50528168e-06+8.42105564e-07j]
   [-1.83827682e-07-3.02354194e-06j -9.02680024e-08-3.46566412e-06j
     1.70696100e-07-3.95297182e-06j ...  4.20318245e-06+3.23777021e-08j
     3.89424473e-06+4.09925871e-07j  3.41565065e-06+6.56728824e-07j]]

  [[ 2.77130480e-08-3.59004864e-07j  3.73078619e-07+6.67782258e-08j
     5.25706332e-08+3.15230114e-07j ...  9.31244508e-07-3.45769836e-07j
     4.41744836e-07+9.20731525e-07j -8.28762220e-07+4.49927477e-07j]
   [-2.75694606e-07-4.81393764e-07j  4.22566984e-07-3.48773144e-07j
     4.07002482e-07+3.07729595e-07j ...  1.28667624e-06-4.74289824e-07j
     6.53443404e-07+1.16672548e-06j -1.01819481e-06+7.74691168e-07j]
   [ 2.37569963e-07-1.07058425e-06j  1.12401393e-06-7.86431703e-08j
     3.85378118e-07+1.09480846e-06j ...  1.12275175e-06+6.79103300e-08j
     1.21240040e-07+1.15345320e-06j -1.10607435e-06+3.77506757e-07j]
   ...
   [-2.38034831e-06+4.49436640e-08j -2.11949292e-06-7.18290468e-08j
    -2.31676331e-06-2.33820465e-07j ...  2.47508014e-06-1.32084629e-07j
     2.66732757e-06-3.65814507e-08j  2.53167692e-06+5.44904438e-08j]
   [-1.45879566e-06-1.09870235e-06j -1.69204769e-06-1.49366267e-06j
    -1.06066556e-06-1.82837381e-06j ...  2.02864282e-06+8.61926863e-09j
     1.87172427e-06+2.65327952e-07j  2.45038999e-06+2.40317685e-07j]
   [ 6.20477775e-08-1.81499467e-06j -1.48641289e-07-2.31609103e-06j
     2.56690585e-07-2.91098528e-06j ...  2.68663001e-06+4.11155934e-07j
     2.36980621e-06+6.09678234e-07j  2.25715240e-06+8.10321828e-07j]]

  [[ 1.49691906e-07-4.28657369e-07j  4.60334268e-07+1.72298456e-07j
    -5.60624072e-08+4.39185233e-07j ...  1.11865268e-06-6.28347356e-07j
     6.80330589e-07+1.09270935e-06j -9.83191152e-07+6.71794800e-07j]
   [ 1.47370572e-07-3.88896580e-07j  3.80391160e-07+9.62630692e-08j
    -5.99229036e-08+3.53016231e-07j ...  1.16245961e-06-8.93488390e-07j
     1.02745629e-06+9.84808117e-07j -8.04057075e-07+1.09422933e-06j]
   [ 4.81825856e-07-6.59265658e-07j  8.04314152e-07+2.61191536e-07j
     1.11257944e-08+8.72208990e-07j ...  9.40624909e-07-6.50166199e-07j
     7.43890010e-07+7.87081157e-07j -5.99311454e-07+8.39217309e-07j]
   ...
   [-3.06538811e-06-1.24804897e-06j -2.75001266e-06-1.41928903e-06j
    -2.79158699e-06-1.60104425e-06j ...  3.23997179e-06+1.14580820e-06j
     3.27739096e-06+1.24795677e-06j  3.12455491e-06+1.35017452e-06j]
   [-1.59390071e-06-2.30846426e-06j -1.63739233e-06-2.81063021e-06j
    -1.01563087e-06-3.25296818e-06j ...  3.05963580e-06+6.98819773e-07j
     2.78565654e-06+1.09446781e-06j  3.15427490e-06+1.28842558e-06j]
   [ 3.19107435e-07-2.59601411e-06j  6.41065988e-07-3.18914965e-06j
     1.02142344e-06-3.84101228e-06j ...  3.68171018e-06+7.15775208e-07j
     3.31123195e-06+1.02379850e-06j  3.08965951e-06+1.16010328e-06j]]]


 [[[-1.34039585e-08-4.30870352e-07j  3.55416657e-07-1.38431278e-08j
     6.12945200e-08+2.74581395e-07j ... -7.96420853e-07-1.96913445e-07j
     2.37534015e-07-8.09613276e-07j  8.62168212e-07+1.54361455e-07j]
   [-3.10097045e-07-1.02117597e-06j  9.57381161e-07-5.11245398e-07j
     6.51506462e-07+8.66292258e-07j ... -1.01694428e-06-8.00191878e-07j
     6.43238357e-07-1.07707916e-06j  1.15371871e-06+3.81526114e-07j]
   [ 1.39419520e-06-1.15644294e-06j  1.52726484e-06+1.10147806e-06j
    -6.82874717e-07+1.82614262e-06j ... -6.70331130e-07-1.20832306e-06j
     1.02174755e-06-9.18744636e-07j  1.00704741e-06+8.12028169e-07j]
   ...
   [ 3.72249967e-06-3.23825739e-06j  4.40498544e-06-2.93879819e-06j
     4.08861162e-06-2.75650088e-06j ... -3.39929177e-06+3.40620894e-06j
    -3.17816890e-06+3.08629534e-06j -3.84815442e-06+2.88058870e-06j]
   [ 4.89979792e-06-3.18701565e-06j  4.91031937e-06-2.58981134e-06j
     5.12899468e-06-2.30301358e-06j ... -1.07957262e-06+5.15280415e-06j
    -1.47440628e-06+5.21877870e-06j -1.93124460e-06+4.83788547e-06j]
   [ 5.94382494e-06-1.78851136e-06j  5.71304084e-06-1.63135346e-06j
     5.79310442e-06-1.24469238e-06j ...  1.16523411e-06+5.03276555e-06j
     8.06506736e-07+5.12692642e-06j  3.01026184e-07+5.91822598e-06j]]

  [[-5.22691130e-08-5.36626581e-07j  4.59026141e-07-6.42874579e-08j
     1.36057423e-07+4.17660613e-07j ... -1.03763874e-06+6.22360676e-08j
     8.39894072e-09-1.02826145e-06j  1.10226737e-06-6.23603249e-08j]
   [ 1.06375876e-07-1.14247975e-06j  1.13923625e-06-6.67024204e-08j
     2.13134103e-07+1.17406382e-06j ... -1.18200005e-06-7.12877672e-07j
     5.47496903e-07-1.21855164e-06j  1.30946203e-06+2.77663813e-07j]
   [ 1.57677415e-06-4.82182832e-07j  9.07714387e-07+1.45589396e-06j
    -1.18376825e-06+1.27943629e-06j ... -7.68192334e-07-1.46698589e-06j
     1.25688502e-06-1.09485394e-06j  1.22400780e-06+9.94372700e-07j]
   ...
   [ 2.33286255e-06-1.93863739e-06j  3.00138774e-06-1.70115426e-06j
     2.56346339e-06-1.61558047e-06j ... -2.07709330e-06+2.20719614e-06j
    -1.72855320e-06+2.02256790e-06j -2.36499580e-06+1.88818534e-06j]
   [ 3.68349163e-06-2.62174526e-06j  3.75396009e-06-1.99482422e-06j
     3.93198495e-06-1.80318960e-06j ... -3.28507470e-07+3.59207244e-06j
    -7.13905030e-07+3.81089909e-06j -1.24296173e-06+3.58954143e-06j]
   [ 4.89149292e-06-1.83443863e-06j  4.58074916e-06-1.62604125e-06j
     4.68750404e-06-1.15197483e-06j ...  1.24093648e-06+3.96437364e-06j
     1.12363870e-06+4.10055731e-06j  6.68429879e-07+4.95804800e-06j]]

  [[ 1.59598719e-07-4.43418641e-07j  3.98494107e-07+1.47873193e-07j
    -1.17934592e-07+3.35318122e-07j ... -9.41494827e-07-1.03702252e-07j
     1.53378226e-07-9.35999353e-07j  9.90170095e-07+6.71374135e-08j]
   [ 5.40948630e-08-6.91657894e-07j  6.71238979e-07-5.52780204e-08j
     1.35149253e-07+6.71455804e-07j ... -1.08659554e-06-5.84623006e-07j
     4.33894432e-07-1.11207087e-06j  1.16047365e-06+1.89933137e-07j]
   [ 1.11048165e-06-4.86548165e-07j  7.95079344e-07+9.87091589e-07j
    -7.51842559e-07+1.05893041e-06j ... -5.86547251e-07-9.55761639e-07j
     8.22411315e-07-7.87898800e-07j  8.40992445e-07+6.74617661e-07j]
   ...
   [ 4.62531558e-06-3.10891522e-06j  5.24649451e-06-2.77760281e-06j
     4.93552197e-06-2.53217832e-06j ... -4.32894116e-06+3.30121019e-06j
    -4.11194512e-06+2.93184555e-06j -4.76314961e-06+2.68245706e-06j]
   [ 5.70349732e-06-2.98707277e-06j  5.82918338e-06-2.30505879e-06j
     5.98139609e-06-1.89233211e-06j ... -1.76303722e-06+5.58720222e-06j
    -2.27689153e-06+5.53711325e-06j -2.89206915e-06+5.07613254e-06j]
   [ 6.51141112e-06-1.38233145e-06j  6.32069058e-06-1.19412038e-06j
     6.27133171e-06-5.83950277e-07j ...  6.44583214e-07+5.56455482e-06j
     3.21105228e-07+5.60984381e-06j -2.61174031e-07+6.26975806e-06j]]

  ...

  [[ 2.48282088e-07-5.80359169e-07j  6.25756169e-07+2.49430185e-07j
    -1.45696939e-07+6.56310809e-07j ... -2.68672310e-07-2.44072128e-07j
     3.29196436e-07-2.85282708e-07j  3.84901317e-07+2.75316916e-07j]
   [ 9.95667774e-07-4.66013934e-07j  6.29382008e-07+9.96496230e-07j
    -9.34074508e-07+8.45715190e-07j ... -1.68127233e-08-1.00279417e-06j
     1.01158909e-06-2.10891487e-07j  3.92425447e-07+8.15816762e-07j]
   [ 7.66967183e-07+9.90512851e-07j -8.03624750e-07+1.01319548e-06j
    -1.16801669e-06-5.83798912e-07j ...  4.34865591e-07-1.37509694e-06j
     1.38439472e-06+9.39521685e-08j  1.24652635e-07+1.37722702e-06j]
   ...
   [ 1.73422622e-06-5.92595521e-06j  2.62460443e-06-5.54557741e-06j
     2.86224029e-06-5.28033318e-06j ... -1.59073965e-06+5.60292349e-06j
    -1.67699780e-06+5.35458871e-06j -2.32890848e-06+5.11246556e-06j]
   [ 3.60526401e-06-4.54255809e-06j  3.87743962e-06-4.47081981e-06j
     3.87622964e-06-4.11959409e-06j ...  6.21601691e-07+4.94748422e-06j
     2.02241747e-07+5.57543189e-06j  2.92157166e-08+5.92418911e-06j]
   [ 4.77083219e-06-3.26007671e-06j  4.76930008e-06-3.15080108e-06j
     4.58044466e-06-2.77897747e-06j ...  2.82895998e-06+3.63250308e-06j
     2.78289713e-06+4.20449249e-06j  2.08705116e-06+5.07229625e-06j]]

  [[ 4.02495295e-07-3.52861568e-07j  3.69967610e-07+3.85466209e-07j
    -3.22821663e-07+3.81882309e-07j ... -5.27028963e-07-1.59772137e-07j
     2.42762928e-07-5.36475120e-07j  6.41440217e-07+1.89526599e-07j]
   [ 9.65062683e-07-2.41792669e-07j  3.87475301e-07+9.81323774e-07j
    -9.40858967e-07+6.07742087e-07j ... -2.97513294e-07-1.12100650e-06j
     1.08158364e-06-4.74860891e-07j  6.78579316e-07+8.53003080e-07j]
   [ 6.90471309e-07+9.53888968e-07j -7.71674266e-07+9.15219920e-07j
    -1.03736459e-06-5.67715654e-07j ...  4.17791025e-07-1.61816482e-06j
     1.65838143e-06-2.90655295e-09j  2.77595059e-07+1.64381400e-06j]
   ...
   [ 1.44980129e-06-5.02336276e-06j  2.14732018e-06-4.88349342e-06j
     2.15006392e-06-4.80517824e-06j ... -1.27233028e-06+5.20911826e-06j
    -1.26511258e-06+4.96651429e-06j -1.94659815e-06+4.74272132e-06j]
   [ 3.10029598e-06-4.29520407e-06j  3.38419407e-06-4.14313888e-06j
     3.34585135e-06-3.98665790e-06j ...  6.87255022e-07+4.94193217e-06j
     4.12011783e-07+5.45532097e-06j -1.03109725e-08+5.75439099e-06j]
   [ 4.56992797e-06-2.75584911e-06j  4.65897510e-06-2.73294804e-06j
     4.31158066e-06-2.33634309e-06j ...  2.33457283e-06+3.48220720e-06j
     2.28442785e-06+4.02470780e-06j  1.55049462e-06+4.78039088e-06j]]

  [[ 2.06693118e-07+3.72071278e-07j -3.73306051e-07+1.56581087e-07j
    -1.03615182e-07-3.85170317e-07j ... -1.82561865e-07-4.97530076e-09j
     9.88614150e-08-1.94564890e-07j  2.99661426e-07+6.22515987e-08j]
   [ 6.18510683e-07+2.07984346e-07j -7.10368809e-08+7.30464818e-07j
    -7.08528959e-07+1.72334977e-07j ...  1.02523228e-07-7.36789343e-07j
     7.87319895e-07-2.96422082e-08j  2.15670511e-07+6.34528040e-07j]
   [ 1.45172557e-07+1.43407397e-06j -1.36599693e-06+5.28686168e-07j
    -8.60129977e-07-1.24416433e-06j ...  5.71152877e-07-9.58042882e-07j
     1.03969190e-06+3.22230306e-07j -1.77015201e-07+1.12603045e-06j]
   ...
   [ 1.86997225e-06-4.19612259e-06j  2.38459747e-06-3.99657067e-06j
     2.55537234e-06-3.77670567e-06j ... -1.53753494e-06+4.12391975e-06j
    -1.58331397e-06+3.90807205e-06j -2.06708073e-06+3.69329995e-06j]
   [ 2.99871847e-06-3.61138766e-06j  3.51978557e-06-3.61667407e-06j
     3.46427920e-06-3.38517339e-06j ...  3.37316615e-07+4.36371023e-06j
     1.56341871e-08+4.82427372e-06j -3.27956850e-07+5.04009880e-06j]
   [ 4.23855294e-06-2.44603328e-06j  4.40130939e-06-2.54690426e-06j
     3.97129492e-06-2.30131777e-06j ...  2.43618031e-06+3.10610428e-06j
     2.46830625e-06+3.76980024e-06j  1.63081729e-06+4.30680378e-06j]]]


 [[[ 1.96347460e-07-3.60552268e-07j  3.76162680e-07+2.04119326e-07j
    -1.65370184e-07+3.62340479e-07j ...  1.51448916e-07+2.41311430e-08j
    -3.66099884e-08+1.44736960e-07j -1.62782520e-07-2.47544786e-08j]
   [ 3.52336090e-07-2.00559379e-07j  2.54469638e-07+3.57055209e-07j
    -3.28131381e-07+2.97576506e-07j ... -3.14207702e-08+1.47889766e-07j
    -1.81118887e-07+1.21070790e-08j -7.32289849e-08-1.45734512e-07j]
   [ 2.02541298e-07+2.85471985e-07j -2.46582165e-07+2.72459981e-07j
    -3.40929526e-07-1.88505740e-07j ... -3.96343565e-07+1.14494321e-07j
    -2.09125053e-07-3.48847286e-07j  3.14984385e-07-3.26864782e-07j]
   ...
   [ 1.92314515e-06-1.18441540e-06j  2.07917607e-06-1.01648215e-06j
     2.11425508e-06-8.51982735e-07j ... -2.09784309e-06+1.19612758e-06j
    -2.15900030e-06+1.07262022e-06j -2.27442733e-06+9.56145122e-07j]
   [ 1.99572383e-06-2.37732439e-07j  1.81824774e-06-1.97685835e-07j
     2.08879884e-06-7.16162761e-08j ... -1.30874922e-06+1.46536438e-06j
    -1.72668664e-06+1.35910278e-06j -1.76148946e-06+1.02212033e-06j]
   [ 1.77691581e-06+7.32780698e-07j  1.44331639e-06+6.31517728e-07j
     1.50253900e-06+4.20736690e-07j ... -5.64174977e-07+1.39773750e-06j
    -9.34950631e-07+1.20505606e-06j -9.74621245e-07+1.34134469e-06j]]

  [[-1.26323361e-07+6.12554795e-07j -6.25789973e-07-1.41664671e-07j
     1.18574980e-07-6.46583785e-07j ...  6.70141752e-08-1.35504813e-07j
     1.43502857e-07+7.61527191e-08j -7.38829950e-08+1.43353112e-07j]
   [-3.24605446e-07+4.35428364e-07j -4.51561894e-07-2.68399971e-07j
     2.38431380e-07-4.79684144e-07j ... -1.72630954e-08+5.41642285e-08j
    -6.62500216e-08+2.55398669e-08j -6.12418095e-08-3.79138169e-08j]
   [-5.02364951e-07+2.32965443e-07j -3.38682388e-07-4.23101910e-07j
     2.94365625e-07-4.26826699e-07j ... -1.63181926e-07+3.29624067e-07j
    -3.40897345e-07-5.32015241e-08j -2.27892858e-08-3.37086007e-07j]
   ...
   [-3.89146811e-07-2.23787858e-06j -2.79671890e-07-2.19851110e-06j
     5.47924852e-08-2.14008311e-06j ...  1.94642513e-07+1.75384164e-06j
    -6.04402115e-08+1.82947217e-06j -1.21488320e-07+1.90405060e-06j]
   [-9.16428945e-08-1.36576825e-06j  4.41319066e-08-1.51051078e-06j
     1.62802836e-07-1.59300232e-06j ...  8.76563053e-07+9.14231175e-07j
     4.99327986e-07+7.46260769e-07j  3.35813066e-07+7.34003742e-07j]
   [-1.00836344e-07-7.90683137e-07j  1.16571226e-07-1.15268737e-06j
     1.59458379e-07-1.41841968e-06j ...  9.65983753e-07-2.14785037e-07j
     4.78487409e-07-2.41729200e-07j  4.94752576e-07-3.42949520e-07j]]

  [[ 5.45635125e-09-2.19239342e-07j  2.53271439e-07+7.03378628e-10j
     4.53872197e-08+2.41001442e-07j ...  1.75151507e-07-2.94298350e-08j
     2.28407741e-08+1.64589809e-07j -1.63812616e-07+1.47362192e-08j]
   [ 2.34691490e-07-9.93342825e-08j  1.54027743e-07+2.69378845e-07j
    -2.54539729e-07+1.93200808e-07j ... -8.76034415e-08+9.71382164e-08j
    -1.42858036e-07-4.06429157e-08j -2.37565241e-08-1.19290093e-07j]
   [-1.44032442e-07+4.22994873e-07j -4.85502215e-07-3.01710504e-08j
    -1.31091380e-07-5.14193645e-07j ... -4.07932062e-07+1.50400113e-07j
    -2.38173901e-07-3.45818925e-07j  2.95081761e-07-3.40142564e-07j]
   ...
   [ 1.56228289e-06-2.51138352e-06j  1.80020509e-06-2.35827966e-06j
     1.98396232e-06-2.18450297e-06j ... -1.72436521e-06+2.45345875e-06j
    -1.90806186e-06+2.39641296e-06j -2.11006863e-06+2.30381424e-06j]
   [ 2.16784409e-06-1.31900641e-06j  2.07512328e-06-1.29465772e-06j
     2.29616989e-06-1.07751798e-06j ... -8.04213043e-07+2.33283790e-06j
    -1.31346945e-06+2.19730546e-06j -1.47942293e-06+1.94786661e-06j]
   [ 2.19359123e-06+1.83034912e-07j  2.01132596e-06-1.36446620e-08j
     2.02814655e-06-1.64640497e-07j ... -1.28902157e-07+2.01854003e-06j
    -5.59021231e-07+1.85664537e-06j -6.71835991e-07+1.87858782e-06j]]

  ...

  [[-1.24533363e-06+7.03458860e-08j -9.00864842e-08-1.23690867e-06j
     1.33252115e-06-1.41300192e-07j ... -2.06544083e-07+1.07472488e-07j
    -1.28327978e-07-1.62814993e-07j  1.84059791e-07-1.70057841e-07j]
   [-1.38633358e-06-1.07885942e-06j  9.39148578e-07-1.57053197e-06j
     1.72050886e-06+7.27412635e-07j ... -6.75352223e-07+4.03559245e-07j
    -4.48850513e-07-5.22362780e-07j  4.50739167e-07-5.28901245e-07j]
   [ 1.26639082e-07-1.56598737e-06j  1.54574157e-06-2.56045270e-07j
     5.59308010e-07+1.43854494e-06j ... -8.36094519e-07+5.38927308e-07j
    -6.73411891e-07-6.61639032e-07j  4.29110647e-07-7.57217660e-07j]
   ...
   [ 5.25058233e-06-1.77228802e-07j  5.35816103e-06+1.73108120e-07j
     5.19861691e-06+5.62018483e-07j ... -4.77048716e-06+9.91751230e-07j
    -4.67434335e-06+6.91914500e-07j -4.85243897e-06+3.23365904e-07j]
   [ 5.65010752e-06+1.13826524e-07j  5.30663470e-06+5.91977054e-07j
     5.00747880e-06+9.05502161e-07j ... -3.34430927e-06+3.84024421e-06j
    -3.56494967e-06+3.54676367e-06j -4.16521637e-06+3.26840420e-06j]
   [ 5.58492265e-06+9.62669513e-07j  5.41777210e-06+1.32774520e-06j
     4.98868141e-06+2.21743865e-06j ... -1.59142019e-06+4.81196918e-06j
    -1.51432989e-06+4.60053155e-06j -1.99537982e-06+4.68199040e-06j]]

  [[-7.91766745e-07-2.87788729e-07j  2.82847899e-07-7.34160119e-07j
     8.66669863e-07+2.47128427e-07j ...  1.44678233e-07+2.78179860e-07j
    -2.73410747e-07+2.36691529e-07j -1.63817125e-07-2.25979338e-07j]
   [-9.79506553e-07-1.03638210e-06j  8.94312931e-07-1.14310038e-06j
     1.24099753e-06+7.03771089e-07j ... -1.88081045e-07+4.36392977e-07j
    -4.38661965e-07-2.09176552e-08j -2.97377386e-08-3.94395623e-07j]
   [ 2.36230147e-07-1.61432840e-06j  1.64709483e-06-2.07555136e-07j
     6.06481017e-07+1.54332926e-06j ... -4.62546796e-07+6.27220577e-07j
    -6.60034251e-07-2.92444351e-07j  1.21117053e-07-6.86430443e-07j]
   ...
   [ 9.94723957e-06+2.55815379e-06j  9.89625511e-06+3.21466653e-06j
     9.38034036e-06+3.86664611e-06j ... -9.98504334e-06-1.08154405e-06j
    -9.67112292e-06-1.75698926e-06j -9.68011865e-06-2.52863580e-06j]
   [ 8.85997180e-06+4.23067108e-06j  8.05114871e-06+4.71317753e-06j
     7.74043937e-06+5.36812955e-06j ... -8.65866493e-06+3.19124834e-06j
    -9.08191329e-06+2.68602738e-06j -9.48374371e-06+1.89982548e-06j]
   [ 6.72621933e-06+6.29253917e-06j  6.25625512e-06+6.37600540e-06j
     5.83529288e-06+7.09461224e-06j ... -7.07001230e-06+5.86746693e-06j
    -7.27901464e-06+5.01232090e-06j -7.70647344e-06+4.78150264e-06j]]

  [[-1.14006400e-06+1.96286367e-07j -2.21946778e-07-1.11551785e-06j
     1.23414251e-06-2.69025255e-07j ...  4.93002976e-08+1.16552607e-07j
    -1.19094480e-07+8.37728683e-08j -2.14517204e-08-1.24875089e-07j]
   [-1.33788382e-06-9.29492012e-07j  7.81672905e-07-1.49705992e-06j
     1.60758745e-06+5.85089856e-07j ... -3.90078490e-07+5.19417928e-08j
    -8.26485693e-08-2.98830003e-07j  2.90649664e-07-1.60345413e-07j]
   [-1.22917205e-07-1.55064352e-06j  1.47204351e-06-5.34223651e-07j
     8.55120195e-07+1.27146561e-06j ... -6.47807373e-07+1.34283020e-07j
    -2.64032228e-07-5.72828725e-07j  4.33395248e-07-3.66592486e-07j]
   ...
   [ 6.23027033e-06+7.94093995e-08j  6.32345515e-06+4.65173097e-07j
     6.09348202e-06+9.12041597e-07j ... -5.70183437e-06+9.85818017e-07j
    -5.59281293e-06+6.27651527e-07j -5.74644879e-06+1.11999831e-07j]
   [ 6.38448897e-06+2.01088439e-07j  5.92248166e-06+7.48778544e-07j
     5.55121096e-06+1.37637755e-06j ... -4.05312859e-06+3.95470297e-06j
    -4.30287192e-06+3.81824116e-06j -4.94227346e-06+3.52260301e-06j]
   [ 6.16631561e-06+1.30312584e-06j  6.04121364e-06+1.57784054e-06j
     5.54526576e-06+2.82154862e-06j ... -2.54441125e-06+5.00964284e-06j
    -2.32068690e-06+4.77491834e-06j -2.73907293e-06+4.99495999e-06j]]]


 ...


 [[[-2.65581662e-07-2.04454931e-06j  1.97120813e-06-3.48363494e-07j
     4.02671378e-07+1.92115478e-06j ... -7.86053067e-07-2.24085903e-07j
     1.96073565e-07-7.49971321e-07j  7.67140274e-07+1.79400419e-07j]
   [ 5.88596780e-07-2.37120520e-06j  2.51033575e-06+1.99322110e-07j
     7.75141394e-08+2.41634534e-06j ... -9.27033928e-07-6.41393470e-07j
     5.02450391e-07-1.01817638e-06j  1.06508978e-06+2.93659787e-07j]
   [ 2.06732290e-06-1.28193201e-06j  1.61498934e-06+1.75749010e-06j
    -1.36256910e-06+2.01151423e-06j ... -6.34837787e-07-1.50694142e-06j
     1.28702131e-06-1.00422352e-06j  1.22614479e-06+9.70717690e-07j]
   ...
   [-4.93173453e-07-3.07780402e-06j  2.67320256e-07-3.05188639e-06j
    -3.69257196e-08-3.13354228e-06j ...  3.85846708e-07+3.04649149e-06j
     5.93344437e-07+3.21002358e-06j -1.78211389e-07+3.39733460e-06j]
   [ 1.01913934e-06-2.92598904e-06j  1.26503075e-06-2.63487004e-06j
     2.12982153e-06-2.39015476e-06j ...  1.23030551e-06+2.70641050e-06j
     1.03625925e-06+3.19555679e-06j  8.28653855e-07+3.01651582e-06j]
   [ 1.97732390e-06-1.90412638e-06j  2.01590247e-06-1.71494678e-06j
     2.98807143e-06-1.05771586e-06j ...  1.09351346e-06+2.68119780e-06j
     1.45490191e-06+2.29620373e-06j  1.30269218e-06+2.97313141e-06j]]

  [[-5.40424009e-07-1.66118818e-06j  1.60324651e-06-6.06376430e-07j
     6.49545857e-07+1.60320775e-06j ... -1.00269023e-06-2.35989138e-07j
     1.62322193e-07-9.22178750e-07j  8.92383684e-07+2.06742114e-07j]
   [ 4.02500996e-07-2.06708543e-06j  2.18218326e-06+7.02066797e-08j
     1.52797640e-07+2.11467462e-06j ... -9.47787508e-07-5.27230430e-07j
     4.01369275e-07-1.03256329e-06j  1.07366580e-06+2.39861778e-07j]
   [ 1.68928597e-06-9.73333052e-07j  1.24346603e-06+1.46351937e-06j
    -1.16930527e-06+1.56284198e-06j ... -5.47892179e-07-1.63805955e-06j
     1.42934810e-06-9.77222828e-07j  1.27102797e-06+1.08674258e-06j]
   ...
   [-2.41249067e-06-1.78356283e-06j -1.94502140e-06-1.93143837e-06j
    -2.14134798e-06-2.14026526e-06j ...  2.56916157e-06+1.53135488e-06j
     2.70606864e-06+1.87729141e-06j  2.19968855e-06+2.22419211e-06j]
   [-1.03504446e-06-2.66128532e-06j -7.51404907e-07-2.56060617e-06j
    -1.28562102e-07-2.53644280e-06j ...  2.86624403e-06+1.03151856e-06j
     2.83170850e-06+1.57049714e-06j  2.63120509e-06+1.63404738e-06j]
   [ 3.58777724e-07-2.78824592e-06j  5.29919490e-07-2.64098722e-06j
     1.38374731e-06-2.13712887e-06j ...  2.30737841e-06+8.33661671e-07j
     2.69786223e-06+6.20196549e-07j  2.70048630e-06+1.30117515e-06j]]

  [[-3.23574369e-07-2.09323032e-06j  2.02695647e-06-3.97536552e-07j
     4.57384230e-07+1.99218233e-06j ... -1.03922887e-06-1.56547207e-07j
     1.09519189e-07-9.89835576e-07j  9.86509909e-07+9.01830986e-08j]
   [ 5.84570342e-07-2.36990782e-06j  2.51211936e-06+2.02457162e-07j
     6.25215194e-08+2.40827940e-06j ... -1.17121997e-06-4.47802667e-07j
     2.94094615e-07-1.22605745e-06j  1.23744315e-06+7.59074000e-08j]
   [ 1.93073601e-06-1.26548361e-06j  1.55161227e-06+1.62531378e-06j
    -1.25440951e-06+1.90376883e-06j ... -7.06578858e-07-1.44010150e-06j
     1.22298544e-06-1.07794624e-06j  1.28900968e-06+9.00757133e-07j]
   ...
   [-2.65799007e-06-4.56180733e-06j -1.78249858e-06-4.71653048e-06j
    -1.98775227e-06-4.95412338e-06j ...  2.65970416e-06+4.26847238e-06j
     2.78950678e-06+4.60986626e-06j  1.87541854e-06+4.96244464e-06j]
   [-3.54865688e-07-4.79986395e-06j  3.10691239e-08-4.57849263e-06j
     8.58617375e-07-4.42574304e-06j ...  3.65329885e-06+2.99344603e-06j
     3.48177942e-06+3.80617486e-06j  3.15803033e-06+3.85103991e-06j]
   [ 1.53101523e-06-4.05724242e-06j  1.74587854e-06-3.91114329e-06j
     2.83439673e-06-3.18705921e-06j ...  3.24284218e-06+2.08790146e-06j
     3.64520753e-06+1.88680805e-06j  3.50733974e-06+2.88422862e-06j]]

  ...

  [[-1.02474623e-07+3.12123268e-06j -3.16843576e-06+9.06505747e-08j
    -1.68985784e-07-2.95479355e-06j ...  2.37601700e-07-5.32395059e-07j
     7.25932990e-07+2.31618282e-07j -1.24640032e-07+7.00254476e-07j]
   [-1.12574544e-06+2.55720993e-06j -2.88533211e-06-7.68464797e-07j
     4.59460879e-07-2.71833321e-06j ...  1.15177739e-06-3.52863781e-07j
     7.29067182e-07+1.07933549e-06j -8.56860435e-07+7.78814925e-07j]
   [-1.19538640e-06+7.92845074e-07j -6.38219270e-07-1.09861660e-06j
     1.17372266e-06-7.82669688e-07j ...  2.14904334e-06+6.02712609e-07j
    -1.49799327e-07+2.27005874e-06j -2.27992645e-06+4.99176864e-07j]
   ...
   [-5.75170502e-07-1.90829749e-06j -1.13462897e-06-2.04614017e-06j
    -1.06868277e-07-1.74484387e-06j ...  9.70407426e-07+2.32204860e-06j
     3.52679465e-07+2.04773780e-06j  8.70217895e-07+1.69555438e-06j]
   [ 8.07164813e-07-1.79092672e-06j  1.40169503e-06-1.16478271e-06j
     3.59591124e-07-8.25866732e-07j ...  9.23957440e-07+2.23080150e-07j
     1.22670562e-06+1.02423524e-08j  6.67863646e-07+1.08846425e-06j]
   [ 1.04344253e-06-2.02325108e-06j  2.51503310e-06-2.43721854e-06j
     2.11443208e-06-2.02831485e-06j ...  1.11396424e-06+1.03996728e-06j
     9.43467847e-07+9.64712343e-07j  1.34886602e-06+6.91833392e-08j]]

  [[ 9.61918207e-07+5.40324676e-07j -6.03364006e-07+1.10271790e-06j
    -1.10166714e-06-4.95361434e-07j ...  1.56545532e-07-1.37503415e-07j
     1.27198108e-07+2.11411616e-07j -2.43338008e-07+2.35952582e-07j]
   [ 6.41049238e-07+4.95942262e-07j -5.86731686e-07+6.23558105e-07j
    -7.44215811e-07-3.99625872e-07j ...  7.68486569e-07+2.93961827e-07j
    -3.85628092e-08+7.93869080e-07j -7.21629428e-07+8.75454807e-08j]
   [ 1.26367276e-06+1.84330869e-07j  4.02297216e-07+1.18105421e-06j
    -7.54324130e-07+7.62225957e-07j ...  1.10932295e-06+6.35942222e-07j
    -3.97197544e-07+1.22178134e-06j -1.22637546e-06-9.16497792e-08j]
   ...
   [ 2.17889000e-07-3.50381368e-06j  4.72055715e-07-3.31269437e-06j
     1.05308605e-06-3.04086998e-06j ... -5.97289562e-08+3.70067749e-06j
    -4.35288599e-07+3.50722377e-06j -4.68434813e-07+3.25771790e-06j]
   [ 2.23249175e-06-2.52656925e-06j  2.71750904e-06-1.96067500e-06j
     2.80022490e-06-1.30929361e-06j ...  8.62259944e-07+1.47339841e-06j
     8.48552088e-07+1.96271680e-06j  9.72498067e-07+2.95376339e-06j]
   [ 2.25436121e-06-2.44434129e-06j  3.88775682e-06-2.76494314e-06j
     4.56031404e-06-2.16449999e-06j ...  7.96018204e-07+2.47557017e-06j
     4.14868159e-07+1.63060484e-06j  1.08013813e-06+1.70057545e-06j]]

  [[ 4.48507092e-07+2.27470018e-06j -2.32547475e-06+6.05753665e-07j
    -7.11153600e-07-2.15156946e-06j ...  2.29495877e-07-3.35638671e-07j
     4.40445183e-07+2.58883206e-07j -2.16604331e-07+4.96351287e-07j]
   [-4.59587686e-07+2.26685756e-06j -2.51007999e-06-1.79773125e-07j
    -1.58593852e-07-2.37202378e-06j ...  1.20090792e-06-9.85804320e-08j
     4.44235901e-07+1.17426734e-06j -9.86508199e-07+5.92847302e-07j]
   [-1.07875391e-06+5.39723260e-07j -4.70998215e-07-1.07461111e-06j
     1.22991570e-06-6.65814364e-07j ...  2.23869882e-06+7.03612042e-07j
    -1.75403480e-07+2.32788004e-06j -2.26770027e-06+4.64272623e-07j]
   ...
   [-3.20918730e-07-2.55074405e-06j -5.48994807e-07-2.49127539e-06j
     3.45710983e-07-2.20989963e-06j ...  7.04978512e-07+2.76796065e-06j
     1.23624074e-07+2.60508071e-06j  4.64411570e-07+2.32270626e-06j]
   [ 6.27268522e-07-2.48890363e-06j  1.22986850e-06-1.98943452e-06j
     7.31603714e-07-1.40713394e-06j ...  9.14104633e-07+7.84924909e-07j
     1.14866305e-06+6.59517263e-07j  9.54250040e-07+1.61093357e-06j]
   [ 9.12011337e-07-2.56335124e-06j  2.43349511e-06-3.08965726e-06j
     2.39961215e-06-2.70516065e-06j ...  1.08065849e-06+9.95650219e-07j
     7.70062071e-07+7.96960587e-07j  1.49074822e-06+1.87672688e-07j]]]


 [[[-3.74947796e-07+1.94817202e-07j -1.56451264e-07-3.55680571e-07j
     3.81728772e-07-1.16811153e-07j ...  3.05382498e-07+7.32376484e-07j
    -7.25978771e-07+3.57532684e-07j -3.67251766e-07-6.78799240e-07j]
   [-2.75813233e-07+7.43443360e-08j -1.31694390e-07-2.61809497e-07j
     2.06137836e-07-1.49496546e-07j ...  1.30691750e-07+1.16028393e-06j
    -1.10305657e-06+3.10039196e-07j -4.43946607e-07-1.03301353e-06j]
   [-1.67287915e-07-1.82297607e-07j  1.91706044e-07-2.27581716e-07j
     2.98619606e-07+1.44443528e-07j ... -9.24319106e-07+1.21205827e-06j
    -1.39991797e-06-5.68190155e-07j  2.22464876e-07-1.51641789e-06j]
   ...
   [ 1.68366843e-08+7.63945512e-07j -1.26676106e-07+8.65169025e-07j
     1.13251801e-07+1.02339204e-06j ... -2.58395527e-07-1.07689751e-06j
    -3.64555988e-07-1.04870317e-06j -1.19761515e-07-1.03434073e-06j]
   [-1.99021398e-07+5.29120496e-07j  2.67029732e-07+5.70948949e-07j
     6.44330238e-07+1.12889800e-06j ... -7.37587509e-07-1.20729462e-06j
    -4.78633736e-07-1.72731438e-06j -5.16465515e-07-1.65615556e-06j]
   [-1.30563625e-06+3.17362295e-07j -5.28555478e-07-2.35417969e-08j
     1.43017568e-07+4.15829795e-07j ... -1.40866758e-06+2.36936312e-07j
    -1.30168110e-06-9.50623341e-07j -5.01633047e-07-1.95266640e-06j]]

  [[-2.29583721e-07-2.63911517e-07j  2.93001432e-07-2.13731825e-07j
     2.43443313e-07+3.24449679e-07j ...  1.00894222e-07+7.88798652e-07j
    -7.64537812e-07+1.73778763e-07j -1.98512448e-07-7.05711686e-07j]
   [-5.47911474e-08-1.86724095e-07j  1.46750522e-07-6.22250883e-08j
     1.81018663e-08+1.26457010e-07j ...  2.36537109e-07+1.31794694e-06j
    -1.21245630e-06+4.22513268e-07j -5.44099257e-07-1.09558888e-06j]
   [-9.19582217e-08-3.98422674e-07j  3.80335303e-07-2.29732377e-07j
     3.64467298e-07+3.01714239e-07j ... -5.16813025e-07+1.34558113e-06j
    -1.42544857e-06-1.59509574e-07j -1.65841603e-07-1.42434797e-06j]
   ...
   [ 2.08649685e-06-6.14043122e-08j  2.11906034e-06+1.86873620e-07j
     2.26619954e-06+4.85328447e-07j ... -2.18552271e-06+8.73921453e-08j
    -2.24994414e-06-3.18916923e-08j -2.17675521e-06-2.00053974e-07j]
   [ 2.03590426e-06+9.93694134e-08j  2.40241405e-06+2.80200500e-07j
     2.92080500e-06+9.76157977e-07j ... -1.78953861e-06+7.12954046e-07j
    -1.76002315e-06+2.34933462e-07j -1.83304375e-06+1.35408326e-07j]
   [ 9.82825098e-07+5.83337082e-07j  1.58058465e-06+4.18832366e-07j
     2.30263445e-06+1.00298191e-06j ... -1.68011249e-06+2.35270219e-06j
    -1.68701458e-06+1.15302423e-06j -1.11164763e-06+2.75700354e-07j]]

  [[-5.98178160e-07+3.46530535e-07j -3.12485705e-07-5.94510968e-07j
     6.15886325e-07-2.69471395e-07j ...  1.56186873e-07+7.89817570e-07j
    -7.65327147e-07+2.31358069e-07j -2.38997930e-07-7.26961097e-07j]
   [-4.66072227e-07+9.26998534e-08j -1.58074394e-07-4.47389356e-07j
     3.92551139e-07-1.93835139e-07j ...  5.45488687e-09+1.37444398e-06j
    -1.31561699e-06+2.24362419e-07j -3.91185989e-07-1.24525257e-06j]
   [-3.30442646e-07-2.47820349e-07j  2.10576534e-07-4.01215208e-07j
     4.60683943e-07+1.16632708e-07j ... -1.09804214e-06+1.42779493e-06j
    -1.64524368e-06-6.76617976e-07j  2.62374268e-07-1.77026774e-06j]
   ...
   [ 8.02633970e-07-8.45043725e-07j  7.51576958e-07-6.68373832e-07j
     1.16966499e-06-4.04806930e-07j ... -8.73231266e-07+4.54463097e-07j
    -1.11500312e-06+4.38066666e-07j -9.52196020e-07+3.89818729e-07j]
   [ 8.38793946e-07-7.95713345e-07j  1.49514873e-06-7.07025105e-07j
     1.93924470e-06-3.80390071e-08j ... -6.47071074e-07+3.74410186e-07j
    -4.36369775e-07-3.44391637e-07j -6.14266119e-07-3.69145408e-07j]
   [-3.23868109e-07-5.22038139e-07j  6.16053434e-07-8.56366074e-07j
     1.41387425e-06-2.91374969e-07j ... -8.17503568e-07+1.51785870e-06j
    -7.41053321e-07+3.21885176e-07j  4.70584908e-08-8.66013807e-07j]]

  ...

  [[ 1.99382922e-07-1.80744031e-06j  1.78099165e-06+1.04959809e-07j
    -1.30819832e-08+1.70038137e-06j ... -9.92888951e-07+3.55899515e-07j
    -3.94417778e-07-9.91986504e-07j  8.58423499e-07-3.91337029e-07j]
   [ 1.14980007e-06-1.80333464e-06j  2.02169554e-06+9.43548437e-07j
    -7.01237958e-07+2.10549682e-06j ... -8.65342337e-08+7.26408948e-07j
    -6.23710530e-07+3.50477980e-08j -3.14710618e-08-4.61251716e-07j]
   [ 1.83484455e-06+1.13849741e-07j  2.14922773e-07+1.89660468e-06j
    -1.88311767e-06+6.59233278e-07j ...  1.71208582e-06+9.07146800e-07j
    -3.00628379e-07+1.75708093e-06j -1.70008643e-06+2.98482958e-07j]
   ...
   [ 4.21063624e-06-3.29520298e-06j  5.10247419e-06-2.94148384e-06j
     4.55414795e-06-2.78339328e-06j ... -3.98588287e-06+3.53476860e-06j
    -3.65907488e-06+3.28730949e-06j -4.54596557e-06+3.20004264e-06j]
   [ 5.92664571e-06-1.82463269e-06j  5.41430649e-06-1.22548863e-06j
     5.17174176e-06-7.68731903e-07j ... -1.31524968e-06+3.78987505e-06j
    -1.84277899e-06+4.67357585e-06j -2.40090642e-06+4.76436506e-06j]
   [ 5.35960827e-06+3.40664990e-07j  5.20674870e-06+9.90094900e-07j
     5.66141906e-06+1.09886287e-06j ...  9.23129037e-07+4.87297656e-06j
     3.23735219e-07+4.63892917e-06j -1.18758695e-06+5.66391026e-06j]]

  [[-3.11021999e-07-2.70393538e-06j  2.85313369e-06-3.47476150e-07j
     7.03234731e-07+2.68148633e-06j ... -1.03657404e-06+3.02037231e-07j
    -1.45919593e-07-9.77638986e-07j  1.04888973e-06-2.24790076e-07j]
   [ 6.44293216e-07-3.07413414e-06j  3.22410165e-06+2.19998065e-07j
     1.63976486e-07+3.14335157e-06j ... -4.02433725e-07+3.87347154e-07j
    -2.82005226e-07-2.65207307e-07j  3.37725556e-07-2.85494430e-07j]
   [ 2.68192163e-06-1.73670103e-06j  2.25797085e-06+2.22648502e-06j
    -1.66993934e-06+2.76473103e-06j ...  1.22467619e-06+6.79175631e-07j
    -2.11764525e-07+1.28309920e-06j -1.33117060e-06+3.07204467e-07j]
   ...
   [ 1.01239325e-05-4.51302344e-06j  1.15484935e-05-3.56189734e-06j
     1.08489509e-05-2.79773106e-06j ... -1.04263019e-05+4.82199813e-06j
    -9.75234432e-06+3.81649397e-06j -1.09241785e-05+3.05181109e-06j]
   [ 1.01433788e-05-1.83581092e-06j  1.04950097e-05-1.22283385e-06j
     1.15354801e-05-3.54640194e-07j ... -6.07108116e-06+7.56442397e-06j
    -7.23571757e-06+7.55441128e-06j -8.29619660e-06+6.97523741e-06j]
   [ 8.52089506e-06+1.31385677e-06j  8.93699660e-06+1.84661761e-06j
     1.04546531e-05+3.04575633e-06j ... -2.44459178e-06+9.02146955e-06j
    -2.79376195e-06+7.22353251e-06j -4.17287272e-06+7.98583978e-06j]]

  [[-1.69582416e-08-2.03516742e-06j  2.13205767e-06-4.11734441e-08j
     3.12072864e-07+2.03654130e-06j ... -7.36653867e-07+2.25114030e-07j
    -1.38225225e-07-7.45655669e-07j  7.48152159e-07-1.92292719e-07j]
   [ 9.68616704e-07-2.18545233e-06j  2.38038756e-06+6.94604667e-07j
    -4.18021144e-07+2.40911032e-06j ...  4.00557756e-08+1.68550876e-07j
    -7.34381420e-08+8.06917929e-08j -1.96013038e-09+7.51219772e-09j]
   [ 2.03255212e-06-5.04507927e-07j  9.00269348e-07+1.90078262e-06j
    -1.68231177e-06+1.32794304e-06j ...  1.78146505e-06+3.98711593e-07j
     1.87109795e-07+1.72188087e-06j -1.59574850e-06+7.60500189e-07j]
   ...
   [ 6.18390796e-06-2.30854347e-06j  7.17096434e-06-1.75459597e-06j
     6.47044188e-06-1.38122374e-06j ... -6.43629103e-06+2.56395791e-06j
    -5.84914657e-06+1.96105887e-06j -6.71357834e-06+1.56571579e-06j]
   [ 6.59166907e-06-5.92765155e-07j  6.76995725e-06-7.60817697e-08j
     7.19665091e-06+5.74140432e-07j ... -3.89220650e-06+3.75266660e-06j
    -4.48109711e-06+4.20476751e-06j -5.20703019e-06+4.05735490e-06j]
   [ 5.12999369e-06+1.51298869e-06j  5.47378384e-06+2.11450752e-06j
     6.44737473e-06+2.88048769e-06j ... -1.63700954e-06+5.20739809e-06j
    -1.69850668e-06+4.15613714e-06j -2.99220208e-06+5.06363336e-06j]]]


 [[[-1.64555204e-07+2.37333713e-07j -2.55679261e-07-1.61358791e-07j
     8.10788001e-08-2.16121932e-07j ...  6.69564075e-07+2.17794332e-07j
    -2.27999219e-07+6.36694871e-07j -6.15834000e-07-2.03004077e-07j]
   [-2.04512530e-07+4.17866304e-07j -4.15444449e-07-1.50740345e-07j
     7.42483034e-08-4.76907888e-07j ...  2.73745128e-07+7.62184140e-08j
    -4.90809595e-08+2.54826717e-07j -2.64893356e-07-1.22456649e-07j]
   [-9.06574448e-07+2.61921739e-07j -5.47481604e-07-8.11981503e-07j
     6.06149869e-07-7.84596267e-07j ... -9.07863502e-07+2.81066542e-07j
    -5.61776510e-07-7.23494835e-07j  5.11180330e-07-7.61740550e-07j]
   ...
   [ 1.58756756e-06+2.47892618e-06j  1.28527295e-06+2.64328027e-06j
     1.34894397e-06+2.87457170e-06j ... -1.59965365e-06-2.58266546e-06j
    -1.62847035e-06-2.46278317e-06j -1.33032915e-06-2.39877624e-06j]
   [ 3.63049953e-07+2.99276827e-06j  2.87649654e-07+2.61500036e-06j
    -3.09157156e-09+2.45037051e-06j ... -2.28506717e-06-2.17919181e-06j
    -2.24484764e-06-2.51988630e-06j -1.86115397e-06-2.28498616e-06j]
   [-1.15124472e-06+2.97461782e-06j -6.92106369e-07+1.77712672e-06j
    -7.27482623e-07+7.55803672e-07j ... -1.58154405e-06-1.66070380e-06j
    -2.68124080e-06-2.14425555e-06j -3.11291339e-06-2.29468086e-06j]]

  [[ 3.97803671e-08+3.11529458e-07j -3.25735887e-07+5.64561953e-08j
    -1.57640238e-07-2.62377223e-07j ... -2.06523297e-08-6.99244809e-09j
    -2.18082483e-08-2.34758301e-08j  4.50981907e-08-1.86150302e-08j]
   [ 6.47119479e-08+6.65589853e-07j -6.27496058e-07+1.81400108e-07j
    -2.80134049e-07-6.00178305e-07j ... -4.64883966e-07-2.98044917e-07j
     2.38946719e-07-4.86327152e-07j  5.15668483e-07+4.97468886e-08j]
   [-9.31762970e-07+8.58760699e-07j -1.12649445e-06-6.79646782e-07j
     3.38461534e-07-1.32782807e-06j ... -1.18932437e-06-3.49354176e-07j
     1.05452061e-08-1.14968625e-06j  1.01006439e-06-2.73016409e-07j]
   ...
   [ 9.12092927e-07+1.92745791e-06j  6.27014351e-07+1.94379618e-06j
     6.62331773e-07+2.10900306e-06j ... -6.32655851e-07-2.03013332e-06j
    -6.20497950e-07-1.90041535e-06j -4.36969086e-07-1.76046842e-06j]
   [ 1.02607831e-07+1.78685536e-06j  2.04225349e-07+1.44485062e-06j
    -2.12924135e-07+1.05094785e-06j ... -7.36877882e-07-1.37766618e-06j
    -7.06922166e-07-1.69958285e-06j -7.72825773e-07-1.47895142e-06j]
   [-7.25684657e-07+1.49674047e-06j -3.22072930e-07+4.74429543e-07j
    -3.86931511e-07-3.17788435e-07j ...  1.07725379e-07-1.07090919e-06j
    -7.98726358e-07-1.35093138e-06j -1.60554954e-06-1.49058236e-06j]]

  [[-1.36290521e-08+4.45220197e-07j -4.60818830e-07+1.80700426e-08j
    -1.04502191e-07-3.93354233e-07j ...  8.24522542e-07+3.01528373e-07j
    -3.38550495e-07+8.08982225e-07j -7.96381400e-07-2.81090544e-07j]
   [-1.31167381e-07+7.90230077e-07j -7.84197530e-07-1.30860536e-08j
    -1.18950322e-07-8.23431925e-07j ...  3.06971972e-07+2.27544669e-07j
    -1.99753921e-07+3.35392136e-07j -3.58218855e-07-2.44463106e-07j]
   [-1.28248130e-06+5.78706942e-07j -9.48290889e-07-1.11435839e-06j
     8.17596831e-07-1.27260480e-06j ... -1.13778698e-06+4.86320879e-07j
    -8.09873690e-07-8.87908747e-07j  6.18258418e-07-1.05460899e-06j]
   ...
   [ 2.74061064e-06+3.32680901e-06j  2.31310407e-06+3.57797540e-06j
     2.36049679e-06+3.87675499e-06j ... -2.79093209e-06-3.32511197e-06j
    -2.81968272e-06-3.28573224e-06j -2.39056607e-06-3.32685881e-06j]
   [ 9.65244058e-07+4.10152464e-06j  8.46767472e-07+3.71872883e-06j
     4.45123864e-07+3.60620584e-06j ... -3.39443139e-06-2.71170550e-06j
    -3.30085164e-06-3.13211834e-06j -2.85831037e-06-2.88207859e-06j]
   [-1.29495147e-06+4.12996527e-06j -7.35264179e-07+2.86435023e-06j
    -8.06762684e-07+1.76894406e-06j ... -2.76491790e-06-1.92549963e-06j
    -3.91373606e-06-2.55118290e-06j -4.23757802e-06-2.82410550e-06j]]

  ...

  [[ 1.05831949e-06-8.34876478e-07j  9.44658474e-07+1.03377816e-06j
    -1.02668800e-06+9.37846256e-07j ...  5.25681962e-07-5.65472607e-07j
     5.33371401e-07+3.63526567e-07j -4.67244810e-07+4.93540281e-07j]
   [ 1.66967550e-06+1.58680392e-07j  3.61926760e-08+1.83899688e-06j
    -1.78768067e-06+4.36444973e-07j ... -9.21830297e-08-2.45235516e-07j
     2.54992990e-07+2.36278956e-08j  2.96083299e-09+1.82910498e-07j]
   [ 9.85427732e-07+2.33669902e-06j -2.03532034e-06+1.64026244e-06j
    -2.17938895e-06-1.57685351e-06j ... -1.79822294e-06+1.93414670e-06j
    -2.33848245e-06-8.90458164e-07j  6.56790324e-08-2.32259955e-06j]
   ...
   [ 5.31576404e-07+1.37322001e-06j  4.41746423e-07+1.53205635e-06j
     4.48311307e-07+1.60657413e-06j ... -1.42310422e-08-9.72272417e-07j
    -1.50301367e-08-1.08746517e-06j  2.43530549e-07-1.26399612e-06j]
   [ 5.92522749e-07-4.75912424e-07j  9.43000447e-07+1.70323650e-07j
     1.72804058e-06+8.76767026e-07j ...  4.60854267e-07-8.95631816e-07j
    -1.69581442e-09-7.23951362e-07j  1.66627049e-08+2.42116720e-08j]
   [ 4.35711269e-07-2.08068924e-06j  1.19422262e-06-1.18703976e-06j
     1.76508195e-06+2.38875374e-07j ... -7.85917946e-07+8.83477242e-07j
     4.45492943e-08+1.67756532e-07j  1.32583357e-06+4.92967931e-07j]]

  [[ 4.06156774e-07+8.03633780e-07j -7.39642838e-07+4.75364823e-07j
    -5.16787287e-07-5.83176292e-07j ... -4.89930392e-08+8.13494433e-08j
    -1.23322186e-08-1.07599239e-07j  1.44326803e-07-8.03144623e-08j]
   [ 7.12693013e-07+1.49591701e-06j -1.37401125e-06+1.04091465e-06j
    -1.17099658e-06-1.09629177e-06j ... -5.48888631e-07-7.06579518e-08j
     2.32850569e-08-4.08545254e-07j  4.28362084e-07-1.05860745e-07j]
   [-9.03328247e-07+2.51592220e-06j -2.63987210e-06-2.07317299e-07j
    -4.88404514e-07-2.66021227e-06j ... -1.23680544e-06+1.25048099e-06j
    -1.41068192e-06-6.95324951e-07j  1.54405324e-07-1.34666806e-06j]
   ...
   [ 1.30292811e-06+8.24505686e-07j  1.14418861e-06+1.04323571e-06j
     1.41092387e-06+1.32175000e-06j ... -8.94414023e-07-2.50471440e-07j
    -1.00331353e-06-3.92025411e-07j -7.85740266e-07-5.29787411e-07j]
   [ 1.67015409e-06-1.35686174e-07j  2.46875631e-06+4.75411999e-07j
     2.33891127e-06+1.02432429e-06j ... -7.28197795e-07-4.94261083e-07j
    -4.24895075e-07-1.18094151e-06j -9.24563118e-07-5.61452098e-07j]
   [ 6.88639514e-07-4.81513594e-09j  1.56625506e-06-1.06258848e-07j
     1.85226371e-06+4.66412925e-07j ... -8.09939114e-07+1.39014153e-06j
    -5.88192232e-07+9.74361449e-07j -5.28444002e-07+6.10208503e-07j]]

  [[ 5.79787749e-07-2.34835300e-07j  3.38435355e-07+6.01034954e-07j
    -5.44842710e-07+4.15633038e-07j ...  2.80255816e-08-1.35935668e-07j
     1.78207537e-07-9.37560117e-08j  7.11966482e-08+8.23783872e-08j]
   [ 1.29628362e-06+3.34540738e-07j -1.67443466e-07+1.45643193e-06j
    -1.44278736e-06+1.88656439e-07j ... -5.40919027e-07-6.08020981e-08j
     1.24094645e-08-4.17694916e-07j  4.02902427e-07-1.12423326e-07j]
   [ 6.45328548e-07+2.19969201e-06j -1.94978928e-06+1.24907683e-06j
    -1.73488292e-06-1.59775682e-06j ... -1.45947452e-06+1.52867312e-06j
    -1.76687821e-06-7.89091371e-07j  1.51842470e-07-1.71223531e-06j]
   ...
   [ 1.19694211e-07+3.93361621e-06j -9.18799442e-08+4.10843704e-06j
    -2.09093452e-07+4.24750096e-06j ... -1.37974983e-07-3.64734928e-06j
     1.30882895e-07-3.79503316e-06j  5.25732168e-07-3.97029286e-06j]
   [-4.87474627e-07+1.79505868e-06j -1.86993312e-07+2.57946342e-06j
     3.07028044e-08+3.34837398e-06j ... -1.01112832e-06-4.11456785e-06j
    -5.45835408e-07-4.52764735e-06j -4.94525428e-07-3.88594012e-06j]
   [-2.12148216e-06+2.48922311e-07j -1.64648780e-06+5.07021246e-07j
    -1.20558663e-06+1.71086490e-06j ... -2.71445419e-06-1.12319033e-06j
    -1.66810191e-06-1.79238270e-06j -5.08430464e-07-2.10873785e-06j]]]]"
0,14,post,1,"[[[[ 4.64834410e-07-3.23892991e-07j  3.04084172e-07+5.41571874e-07j
    -4.68354013e-07+3.21427256e-07j ... -2.54834807e-07+7.59447084e-08j
    -7.72341368e-08-2.78670481e-07j  2.69692239e-07-1.22917399e-07j]
   [ 4.79334324e-07-2.00071226e-07j  2.39139917e-07+4.66155526e-07j
    -4.74375987e-07+2.90055110e-07j ... -4.93231435e-07+1.59843955e-07j
    -2.08276520e-07-4.43714330e-07j  3.89148174e-07-2.89225647e-07j]
   [ 2.13941305e-07+4.53826376e-07j -4.21969033e-07+3.11005289e-07j
    -3.95833450e-07-3.99481940e-07j ... -5.78654309e-07+2.59003775e-07j
    -3.73440655e-07-4.63281485e-07j  3.15822610e-07-4.30335177e-07j]
   ...
   [-2.17523839e-06-5.94078567e-06j -1.48522860e-06-6.06945485e-06j
    -1.23913972e-06-6.16464417e-06j ...  2.41465900e-06+5.28583484e-06j
     2.21266137e-06+5.44653823e-06j  1.59368807e-06+5.59983059e-06j]
   [ 1.25390514e-07-5.29413257e-06j  4.97901913e-07-5.37937890e-06j
     9.61334290e-07-5.39347599e-06j ...  3.65564050e-06+4.00221404e-06j
     3.44478262e-06+4.24183232e-06j  3.41131858e-06+4.16289551e-06j]
   [ 1.91287173e-06-4.07962918e-06j  1.93360550e-06-4.37601104e-06j
     2.56180819e-06-4.40717329e-06j ...  4.23003412e-06+2.81594875e-06j
     4.01412058e-06+2.83587745e-06j  3.63056113e-06+3.06972545e-06j]]

  [[ 2.03014143e-07-7.29822042e-07j  7.15264184e-07+2.29216130e-07j
    -1.32781681e-07+7.14170726e-07j ...  6.66736600e-07+2.61947416e-07j
    -1.99537656e-07+6.16395765e-07j -5.75167657e-07-2.03832600e-07j]
   [ 6.49469851e-07-7.19648016e-07j  8.41599319e-07+6.02203093e-07j
    -5.30509184e-07+9.41273834e-07j ...  8.19502598e-07+1.63526612e-07j
    -4.41864361e-08+8.09586213e-07j -7.76397651e-07+6.38822116e-08j]
   [ 4.76323233e-07+4.59744934e-07j -4.17388125e-07+5.82923595e-07j
    -6.83102370e-07-3.52597933e-07j ...  8.17958004e-07+6.09117129e-07j
    -4.00553790e-07+9.36023331e-07j -9.80227216e-07-1.39479742e-07j]
   ...
   [ 2.08799055e-06-7.32368858e-06j  2.88467268e-06-7.06746430e-06j
     3.25354986e-06-6.82867387e-06j ... -1.54350718e-06+7.13485836e-06j
    -1.87250323e-06+6.97026566e-06j -2.55554782e-06+6.78119479e-06j]
   [ 4.28090411e-06-5.68949885e-06j  4.63355187e-06-5.55837570e-06j
     5.46999418e-06-5.02037779e-06j ...  8.98966174e-07+7.31979500e-06j
     5.25223794e-07+7.35612020e-06j  5.14729402e-07+7.03792159e-06j]
   [ 5.55768301e-06-3.37296564e-06j  5.52511016e-06-3.43951599e-06j
     6.19767526e-06-3.25302667e-06j ...  3.24768511e-06+6.71061037e-06j
     2.77831446e-06+6.50430956e-06j  2.19643808e-06+6.45728711e-06j]]

  [[ 4.39524477e-07-4.44378685e-07j  4.33352950e-07+5.28090007e-07j
    -4.48536925e-07+4.64586960e-07j ... -3.08864829e-07+4.26839016e-08j
    -4.26406648e-08-3.51746322e-07j  3.42075943e-07-1.14346415e-07j]
   [ 5.24454563e-07-2.67210055e-07j  3.07517197e-07+5.04689839e-07j
    -5.17523465e-07+3.59059028e-07j ... -5.65978627e-07+1.96126175e-09j
    -6.55357080e-08-5.46491667e-07j  5.18725628e-07-1.89361834e-07j]
   [ 2.15963815e-07+3.91079806e-07j -3.62873745e-07+2.87839581e-07j
    -3.47610975e-07-3.51891145e-07j ... -5.60108809e-07-4.90243692e-08j
    -7.78897960e-08-5.31247247e-07j  4.38098926e-07-1.64462585e-07j]
   ...
   [-2.54042176e-06-5.17394016e-06j -1.84855949e-06-5.32006912e-06j
    -1.68995897e-06-5.43154427e-06j ...  2.46802454e-06+4.51237440e-06j
     2.39291848e-06+4.65980837e-06j  1.77429431e-06+4.79593242e-06j]
   [-2.53613300e-07-4.23202857e-06j  1.70959381e-08-4.37532445e-06j
     4.15899149e-07-4.42719235e-06j ...  3.05536956e-06+3.14433059e-06j
     2.99687287e-06+3.35279224e-06j  3.04986889e-06+3.28643136e-06j]
   [ 1.29849393e-06-3.07198102e-06j  1.22180442e-06-3.56891961e-06j
     1.81843119e-06-3.51463515e-06j ...  3.28449353e-06+2.34032852e-06j
     3.04915024e-06+2.20656433e-06j  2.64547522e-06+2.29672124e-06j]]

  ...

  [[-1.54482336e-09-2.05318709e-07j  2.16136625e-07+2.12103151e-08j
    -3.54858609e-08+2.27206012e-07j ... -1.89873818e-07+2.79094031e-07j
    -3.20642557e-07-1.60830365e-07j  1.82951131e-07-3.18165673e-07j]
   [-5.84508982e-08+1.26434492e-09j  5.60745874e-09-1.09661052e-07j
     5.96169842e-08-1.20670940e-07j ... -6.46438124e-07-1.22544181e-07j
    -4.47714403e-08-6.28640051e-07j  6.07944410e-07-1.70327067e-07j]
   [-6.16366050e-07-3.82745997e-07j  1.23010068e-07-7.24565012e-07j
     7.39246074e-07-1.17889288e-07j ... -1.04392472e-06-6.79795663e-07j
     4.30145936e-07-1.18710180e-06j  1.20379541e-06+9.96285180e-08j]
   ...
   [-7.95469509e-06+1.13500266e-05j -8.79357624e-06+1.06420811e-05j
    -9.69301528e-06+9.91873808e-06j ...  6.55798432e-06-1.23974724e-05j
     7.51015703e-06-1.17621277e-05j  8.20101212e-06-1.10513435e-05j]
   [-1.11028288e-05+9.29247901e-06j -1.17723984e-05+8.45870591e-06j
    -1.25001793e-05+6.94185331e-06j ...  1.65360602e-06-1.33187181e-05j
     2.81852647e-06-1.33298583e-05j  3.43162690e-06-1.34150243e-05j]
   [-1.30193900e-05+4.83284942e-06j -1.33865296e-05+4.00762877e-06j
    -1.32631773e-05+2.71170054e-06j ... -2.13012683e-06-1.26282324e-05j
    -1.51990209e-06-1.27893126e-05j -1.81669429e-06-1.31486944e-05j]]

  [[-8.38707311e-08-4.51293266e-08j  7.88922740e-08-6.65345654e-08j
     7.03114317e-08+6.98712224e-08j ... -2.91305149e-07+4.26165993e-07j
    -4.37673139e-07-2.80272807e-07j  3.06769395e-07-4.58108394e-07j]
   [-2.21476859e-07+1.33711893e-07j -1.58814806e-07-2.54006741e-07j
     1.65263215e-07-3.17376897e-07j ... -5.32967362e-07-1.02929722e-07j
    -2.56419245e-08-5.29227303e-07j  5.45190812e-07-1.60352602e-07j]
   [-9.88954853e-07-4.85294264e-07j  1.23965443e-07-1.13608858e-06j
     1.14278036e-06-2.29157112e-07j ... -6.21736458e-07-5.40504628e-07j
     4.20155836e-07-7.52139644e-07j  7.54281565e-07+2.50731973e-07j]
   ...
   [-9.59560264e-06+1.26847711e-05j -1.04634125e-05+1.18506229e-05j
    -1.15039662e-05+1.10154080e-05j ...  7.98678805e-06-1.39330186e-05j
     9.13232193e-06-1.31771949e-05j  9.82357644e-06-1.23295807e-05j]
   [-1.29083274e-05+9.95755374e-06j -1.34989193e-05+9.07692680e-06j
    -1.43436493e-05+7.62441694e-06j ...  1.96794778e-06-1.50891493e-05j
     3.58394241e-06-1.51295038e-05j  4.36209309e-06-1.52123606e-05j]
   [-1.47637297e-05+5.38506529e-06j -1.52869833e-05+4.05156486e-06j
    -1.53632619e-05+2.82133220e-06j ... -2.89663392e-06-1.45201519e-05j
    -2.07919020e-06-1.45668104e-05j -2.12281628e-06-1.49351108e-05j]]

  [[-1.02256391e-07-4.66993774e-07j  5.07198005e-07-8.66165177e-08j
     1.27715771e-07+5.13485485e-07j ... -2.92733467e-08+4.35220902e-07j
    -4.40647485e-07-2.03404324e-08j  6.40379891e-08-4.29256753e-07j]
   [ 1.28867044e-07-3.82388823e-07j  4.24431602e-07+3.10750756e-08j
    -3.25187399e-08+3.40478439e-07j ... -2.85650990e-07-2.39650016e-07j
     1.16368180e-07-2.94652377e-07j  3.40108308e-07+2.78818930e-08j]
   [-1.99183803e-07-2.19366530e-07j  5.56493366e-08-2.54064182e-07j
     2.41265733e-07-7.51584703e-08j ... -5.15524132e-07-7.38165577e-07j
     6.22953226e-07-7.03619502e-07j  7.77199110e-07+4.18867969e-07j]
   ...
   [-8.28422347e-06+9.55754154e-06j -8.88373871e-06+8.86425657e-06j
    -9.68498500e-06+8.18032158e-06j ...  6.87921976e-06-1.07374666e-05j
     7.79650881e-06-1.00836134e-05j  8.27166184e-06-9.36197410e-06j]
   [-1.07500684e-05+7.72315744e-06j -1.13185263e-05+6.89570936e-06j
    -1.19827292e-05+5.45211259e-06j ...  2.46710226e-06-1.20985902e-05j
     3.56423924e-06-1.20757881e-05j  4.12879773e-06-1.21213479e-05j]
   [-1.23219639e-05+3.74163106e-06j -1.26468512e-05+2.68003610e-06j
    -1.24208531e-05+1.39856153e-06j ... -1.01669764e-06-1.18198228e-05j
    -6.02485859e-07-1.19698824e-05j -1.06256337e-06-1.22446634e-05j]]]


 [[[-3.17813507e-07+5.15795377e-07j -5.60348412e-07-3.29693796e-07j
     2.63897604e-07-5.85829383e-07j ... -3.63849581e-08+3.60113237e-07j
    -2.51864905e-07-9.78928092e-08j  1.06347097e-07-2.38851697e-07j]
   [-7.09916826e-07+2.05933084e-07j -2.94427685e-07-7.14458844e-07j
     6.92384711e-07-4.00324276e-07j ...  7.07557636e-07-3.00539648e-07j
     4.14969775e-07+5.59869205e-07j -4.14962685e-07+4.42302829e-07j]
   [-4.25817354e-07-5.16234473e-07j  4.15775915e-07-5.47812408e-07j
     6.20758456e-07+2.91341096e-07j ...  9.76160869e-07-8.45452545e-07j
     9.88292962e-07+7.01717823e-07j -4.37756776e-07+1.08474831e-06j]
   ...
   [-5.10663055e-06-3.74864375e-06j -4.90266342e-06-4.15461004e-06j
    -4.47715574e-06-4.42930939e-06j ...  5.43263228e-06+3.05854672e-06j
     5.10603459e-06+3.45489391e-06j  4.87768158e-06+3.90732960e-06j]
   [-2.76965656e-06-4.78859218e-06j -2.32615646e-06-4.92959556e-06j
    -1.91493536e-06-5.20888882e-06j ...  5.11497149e-06+5.19271316e-07j
     5.05474539e-06+8.58196514e-07j  5.02029977e-06+1.68709864e-06j]
   [-5.58663418e-07-4.60822596e-06j  4.22961578e-08-4.84045324e-06j
     1.70575503e-07-4.83823311e-06j ...  5.19282874e-06-2.90448169e-07j
     4.91090506e-06-3.35584991e-07j  4.61182471e-06-1.26955973e-08j]]

  [[-3.80972970e-07+1.03250204e-06j -1.06526553e-06-4.12596848e-07j
     2.78150657e-07-1.04510148e-06j ... -3.57351483e-08+3.26589436e-07j
    -2.21526110e-07-7.10706542e-08j  8.36697014e-08-1.92067567e-07j]
   [-6.48198113e-07+7.12053000e-07j -7.65149463e-07-6.10804541e-07j
     5.54009007e-07-8.21599128e-07j ...  7.68263633e-07-3.51784773e-07j
     4.68977906e-07+5.96459553e-07j -4.42652102e-07+4.95534426e-07j]
   [-5.24779326e-07+1.81499173e-07j -2.65071704e-07-4.28820904e-07j
     3.14763998e-07-3.15901542e-07j ...  1.00403565e-06-1.14656591e-06j
     1.27051930e-06+6.32842805e-07j -2.83591218e-07+1.30096282e-06j]
   ...
   [-5.27738528e-06+8.26098353e-07j -5.68612462e-06+3.38872867e-07j
    -5.34566952e-06+3.75745629e-08j ...  4.57621713e-06-1.62173202e-06j
     4.38606226e-06-1.27993770e-06j  4.68189601e-06-7.62401892e-07j]
   [-4.82543431e-06+7.97211103e-07j -4.51995615e-06+4.83623342e-07j
    -4.75479846e-06-3.68559590e-08j ...  1.96293845e-06-4.30160796e-06j
     2.29940345e-06-4.16195050e-06j  2.41892594e-06-3.29486102e-06j]
   [-4.43584137e-06+5.71470797e-07j -3.79934209e-06+8.60761932e-08j
    -4.34341824e-06-1.79640074e-07j ...  7.25989957e-08-4.66754183e-06j
     1.08879878e-07-4.90164130e-06j  2.36679224e-07-5.07378092e-06j]]

  [[-2.76379233e-07+5.03556872e-07j -5.38909382e-07-2.89209514e-07j
     2.12573636e-07-5.37982838e-07j ... -1.21733746e-07+4.90231856e-07j
    -3.62559228e-07-1.77311807e-07j  1.93618481e-07-3.54959863e-07j]
   [-5.16333017e-07+3.00148203e-07j -3.63250709e-07-4.97105955e-07j
     4.53638603e-07-4.22757982e-07j ...  6.82313605e-07-2.25866316e-07j
     3.42913025e-07+5.40758277e-07j -3.94638114e-07+3.54002396e-07j]
   [-4.38664373e-07-2.21397081e-07j  1.23609425e-07-4.86304392e-07j
     4.98861336e-07+1.28279890e-08j ...  8.90010894e-07-8.33686512e-07j
     9.56578922e-07+6.27804168e-07j -3.91981242e-07+1.04367291e-06j]
   ...
   [-7.52498316e-06-2.82801653e-06j -7.42025370e-06-3.43400976e-06j
    -7.02075649e-06-3.88532494e-06j ...  7.69287459e-06+1.86212457e-06j
     7.43339846e-06+2.41064327e-06j  7.29324795e-06+3.02236477e-06j]
   [-5.14514593e-06-4.59362743e-06j -4.62060673e-06-4.89028762e-06j
    -4.20195950e-06-5.35485491e-06j ...  6.57558691e-06-1.42406446e-06j
     6.66157255e-06-9.04313428e-07j  6.66125447e-06+1.82688854e-07j]
   [-2.56621086e-06-5.11167404e-06j -1.78520059e-06-5.56199579e-06j
    -1.66330833e-06-5.54276541e-06j ...  5.78021486e-06-2.39353478e-06j
     5.66082399e-06-2.40542569e-06j  5.45623563e-06-2.03038720e-06j]]

  ...

  [[ 5.72022395e-07-3.63709288e-07j  3.27070909e-07+6.09448901e-07j
    -6.82855340e-07+2.73011879e-07j ... -5.09416734e-07-2.67261759e-07j
     4.00442511e-07-5.36683300e-07j  5.87138371e-07+3.28319388e-07j]
   [-3.78114974e-08-6.90103237e-08j -9.35187184e-09-1.07091921e-07j
     8.78703593e-08-9.78760854e-08j ...  1.51831216e-07-7.06912068e-07j
     7.96218251e-07-2.79415747e-09j  1.85194609e-07+7.17887209e-07j]
   [ 4.33657257e-07-6.15182427e-07j  7.39868259e-07+2.70870756e-07j
    -5.85377951e-08+8.30943152e-07j ...  9.91012942e-07-1.26949517e-06j
     1.39665331e-06+6.17521919e-07j -3.09766213e-07+1.49270515e-06j]
   ...
   [ 7.68734551e-06-2.79314743e-06j  8.15073047e-06-2.24556597e-06j
     8.00450838e-06-1.67386822e-06j ... -7.33481228e-06+3.27969788e-06j
    -7.30692633e-06+2.79125966e-06j -7.80866482e-06+2.45219609e-06j]
   [ 7.70684304e-06-1.08191075e-06j  7.97292020e-06-5.21418461e-07j
     8.54703742e-06-1.14857720e-07j ... -5.17583082e-06+5.10953428e-06j
    -5.74129437e-06+4.65697907e-06j -5.89834128e-06+4.50211711e-06j]
   [ 6.63098040e-06+1.74650435e-06j  7.09959143e-06+1.50773090e-06j
     7.53179789e-06+2.14279516e-06j ... -1.91560125e-06+6.91773925e-06j
    -2.83145923e-06+5.61949017e-06j -3.68004339e-06+5.33925022e-06j]]

  [[ 3.13153227e-07+1.57776628e-07j -1.98890243e-07+3.27929251e-07j
    -4.30385645e-07-2.71637231e-07j ... -1.10868026e-06+3.20396412e-07j
    -2.07299448e-07-1.10488646e-06j  1.13724014e-06-2.52313029e-07j]
   [-4.82462612e-07+2.35940816e-07j -3.54680024e-07-5.23928257e-07j
     4.89122022e-07-5.01167536e-07j ... -3.95588496e-07-5.34334267e-07j
     5.49741769e-07-4.84470810e-07j  6.83916129e-07+4.20727007e-07j]
   [-7.60382253e-08-7.06383100e-07j  7.03676138e-07-2.49133638e-07j
     4.12028799e-07+6.79773150e-07j ...  7.03606256e-07-1.74669809e-06j
     1.86560793e-06+1.61913152e-07j  2.29006124e-07+1.85983944e-06j]
   ...
   [-6.71080482e-07-4.52772456e-06j -9.65895711e-08-4.67171874e-06j
    -1.04784360e-07-4.72089516e-06j ...  1.23063543e-06+4.64142284e-06j
     1.18778490e-06+4.77543211e-06j  4.21565360e-07+5.11009424e-06j]
   [ 1.53214189e-06-5.29076941e-06j  2.12883020e-06-5.06156875e-06j
     2.67478043e-06-5.31469023e-06j ...  2.47868717e-06+3.91071973e-06j
     2.10632753e-06+3.95220396e-06j  1.49273804e-06+4.33354887e-06j]
   [ 3.48900553e-06-3.22933538e-06j  4.01268579e-06-3.71835383e-06j
     4.51417051e-06-3.28615005e-06j ...  4.24130438e-06+3.95422996e-06j
     3.64550476e-06+3.31750129e-06j  2.41089409e-06+3.46888874e-06j]]

  [[ 4.84295741e-07-1.71198848e-07j  1.15696306e-07+5.01474217e-07j
    -5.85825349e-07+1.74884910e-08j ... -6.61645238e-07+1.18431941e-07j
     1.43810085e-08-6.75638929e-07j  7.40772771e-07-2.92593272e-08j]
   [-3.32224361e-07-1.49894169e-07j  4.30536096e-08-4.58269695e-07j
     4.78028900e-07-1.12230019e-07j ...  1.31846716e-07-7.85319073e-07j
     8.48168732e-07-3.95605927e-08j  2.72780295e-07+7.67441583e-07j]
   [ 5.07260888e-07-9.20893559e-07j  1.05206931e-06+2.83084355e-07j
    -2.11906285e-08+1.16343807e-06j ...  1.25772893e-06-1.84942945e-06j
     2.06320692e-06+6.64437082e-07j -1.78530738e-07+2.14156581e-06j]
   ...
   [ 1.72809497e-06-4.94437232e-06j  2.44526268e-06-4.84818292e-06j
     2.37658583e-06-4.72960862e-06j ... -1.26701737e-06+5.01335086e-06j
    -1.28824401e-06+4.98417239e-06j -2.10566125e-06+5.12627963e-06j]
   [ 3.10151666e-06-4.72428316e-06j  3.64950301e-06-4.52941240e-06j
     4.43879884e-06-4.57732265e-06j ...  6.96517615e-07+4.42763981e-06j
     2.05494072e-07+4.25663954e-06j -1.43471934e-07+4.46898268e-06j]
   [ 3.88991043e-06-2.26558097e-06j  4.58301071e-06-3.01636264e-06j
     5.46448896e-06-2.62365567e-06j ...  3.10999319e-06+4.91384630e-06j
     2.20548619e-06+3.62707958e-06j  9.82364390e-07+3.47041786e-06j]]]


 [[[-1.95768232e-07+1.13147068e-08j -1.88275183e-08-1.94981341e-07j
     9.92938324e-08+7.03755196e-08j ... -2.19026482e-07-9.02510366e-07j
     9.15880274e-07-2.55164311e-07j  3.17369866e-07+8.62116784e-07j]
   [-6.51934415e-08+6.15031451e-07j -6.30713388e-07+8.04554927e-08j
    -2.15034612e-07-6.94830480e-07j ... -4.08757635e-07-1.35280337e-06j
     1.27554686e-06-5.79606776e-07j  7.27589285e-07+1.08914127e-06j]
   [-1.18479322e-06-6.70687218e-08j -2.57921946e-07-1.22705689e-06j
     1.14820559e-06-5.74504983e-07j ... -7.57983172e-08-1.25455944e-06j
     1.14173443e-06-3.08315317e-07j  4.71021167e-07+1.04250736e-06j]
   ...
   [-1.99714643e-06-1.18380544e-05j -1.15738574e-06-1.19652003e-05j
    -2.28734769e-07-1.20287033e-05j ...  3.18481817e-06+1.13872252e-05j
     2.30670181e-06+1.15941463e-05j  1.44737983e-06+1.17664210e-05j]
   [ 1.93074247e-06-1.13595976e-05j  2.80865181e-06-1.11240450e-05j
     3.12101363e-06-1.08260270e-05j ...  6.80627737e-06+9.21013245e-06j
     6.00845439e-06+9.44209101e-06j  5.23461010e-06+9.71291029e-06j]
   [ 4.92645828e-06-9.13953345e-06j  5.71572440e-06-8.61909637e-06j
     5.98405118e-06-8.24844931e-06j ...  8.76762036e-06+5.63106451e-06j
     8.32040944e-06+6.34109194e-06j  7.73260716e-06+6.81870516e-06j]]

  [[-1.55428547e-07+6.87867191e-08j -1.00911575e-07-1.61744543e-07j
     7.40238651e-08-5.13303883e-08j ... -8.19400648e-07-3.98286239e-07j
     4.36220098e-07-8.45122244e-07j  8.95182675e-07+3.78477661e-07j]
   [-2.55792490e-07+5.84252556e-07j -6.09240790e-07-1.34634538e-07j
     2.24001278e-08-7.50250988e-07j ... -8.64682993e-07-1.18721452e-06j
     1.07428686e-06-1.00891930e-06j  1.17450122e-06+7.81932903e-07j]
   [-1.37114265e-06-3.88511416e-07j -2.19110787e-08-1.49070737e-06j
     1.44204130e-06-4.08458821e-07j ... -5.28353145e-07-1.64314672e-06j
     1.41429861e-06-8.52011134e-07j  1.00038036e-06+1.19180793e-06j]
   ...
   [-4.83038982e-06-1.10019883e-05j -3.82595668e-06-1.13440884e-05j
    -3.16287344e-06-1.16231208e-05j ...  5.57897044e-06+1.05278742e-05j
     4.98037624e-06+1.09101544e-05j  3.92180308e-06+1.13030487e-05j]
   [-3.85787689e-07-1.10941777e-05j  4.82196349e-07-1.09067855e-05j
     6.53841280e-07-1.08766266e-05j ...  8.07982775e-06+7.59575892e-06j
     7.49746377e-06+7.89890526e-06j  6.71419565e-06+8.21609856e-06j]
   [ 3.12091598e-06-8.98337002e-06j  3.77586405e-06-8.83439295e-06j
     4.15479425e-06-8.49927375e-06j ...  8.96771577e-06+3.90182954e-06j
     8.68428516e-06+4.67811593e-06j  7.85019661e-06+5.39957913e-06j]]

  [[-6.39508958e-08+2.98409874e-07j -3.06242929e-07-5.95074229e-08j
    -5.40663002e-08-2.15740911e-07j ... -6.21493137e-07-9.49335235e-07j
     9.63740901e-07-6.37838473e-07j  7.00059107e-07+8.93733790e-07j]
   [-8.78926141e-08+9.98683738e-07j -1.02486186e-06+1.07481440e-07j
    -2.91927475e-07-1.09188678e-06j ... -8.26664216e-07-1.45388835e-06j
     1.33394995e-06-9.89669691e-07j  1.14607931e-06+1.06891678e-06j]
   [-1.55732896e-06+1.23567366e-07j -5.32931036e-07-1.55194873e-06j
     1.40311145e-06-9.25736000e-07j ... -3.65608847e-07-1.48676851e-06j
     1.30700284e-06-6.36099438e-07j  7.87276095e-07+1.14640987e-06j]
   ...
   [-3.94698054e-06-1.30863229e-05j -2.98499191e-06-1.33501222e-05j
    -1.94280072e-06-1.35117492e-05j ...  5.08359338e-06+1.24308995e-05j
     4.14621507e-06+1.27886595e-05j  3.14851416e-06+1.31209069e-05j]
   [ 5.81180931e-07-1.27810713e-05j  1.62791986e-06-1.25175649e-05j
     1.85728378e-06-1.23125222e-05j ...  8.55441626e-06+9.30913196e-06j
     7.78600666e-06+9.62368525e-06j  6.87905678e-06+1.00248558e-05j]
   [ 4.23696625e-06-1.04984541e-05j  5.14466982e-06-1.00809319e-05j
     5.44524061e-06-9.69419467e-06j ...  1.00442715e-05+4.99904389e-06j
     9.68630217e-06+5.95527538e-06j  9.10236484e-06+6.51565386e-06j]]

  ...

  [[-4.45717753e-07-4.43146036e-07j  5.36751178e-07-4.46790573e-07j
     5.19130299e-07+6.14079827e-07j ... -4.48099626e-07-7.38134215e-08j
     5.76025695e-08-4.04602959e-07j  4.33187967e-07+8.16249707e-08j]
   [ 4.26633858e-07-5.32786385e-08j  1.85211496e-07+5.52795655e-07j
    -5.14078990e-07+2.72904526e-07j ... -5.84733060e-07-9.50768969e-08j
     4.32039135e-08-5.36755519e-07j  5.26061564e-07-1.60872781e-08j]
   [-4.88175000e-07+9.44700116e-07j -1.10495013e-06-2.25946693e-07j
    -1.56933123e-07-1.17720027e-06j ... -2.20566135e-07-7.36592078e-08j
     6.91160214e-08-2.36301433e-07j  2.29678466e-07+5.11956989e-08j]
   ...
   [-4.35458794e-07+1.22720202e-06j -4.14407682e-07+1.29597460e-06j
    -5.15186251e-07+1.27006775e-06j ... -1.95430240e-07-1.52832126e-06j
    -2.99136782e-08-1.62499330e-06j  3.93301601e-08-1.58915245e-06j]
   [-1.29740174e-06+1.62537703e-06j -1.80227763e-06+1.19789652e-06j
    -2.68847825e-06+1.09950213e-06j ... -9.06808895e-07-1.83162808e-06j
    -1.10291174e-06-1.85731883e-06j -9.46888977e-07-2.04650331e-06j]
   [-1.45527606e-06+1.67079610e-06j -2.21058194e-06+1.43172667e-06j
    -3.28565405e-06+9.04305386e-07j ... -1.60629453e-06-2.92691309e-06j
    -1.98027849e-06-2.19132473e-06j -1.94804839e-06-1.81712193e-06j]]

  [[-2.26415169e-07-3.42882538e-07j  4.24431294e-07-2.28474828e-07j
     3.04640565e-07+4.80038690e-07j ... -4.66681963e-07-6.47069270e-07j
     6.50828232e-07-4.50798098e-07j  5.18445025e-07+6.53309884e-07j]
   [ 4.43434439e-07+9.69142991e-08j  1.31008830e-08+5.89367220e-07j
    -5.94720724e-07+1.02744161e-07j ... -4.53360276e-07-1.09988929e-06j
     1.06197671e-06-5.75403867e-07j  7.28540237e-07+9.14789935e-07j]
   [-5.70825799e-07+8.64201277e-07j -1.03500429e-06-3.43260477e-07j
     1.20800123e-08-1.14383146e-06j ...  3.78889755e-07-1.23343607e-06j
     1.27905726e-06+6.24169017e-08j  1.93175697e-07+1.27333042e-06j]
   ...
   [ 4.12757609e-06+1.22261663e-06j  4.23757016e-06+1.63621575e-06j
     4.03269834e-06+1.97143680e-06j ... -4.62045168e-06-1.27975712e-06j
    -4.35215365e-06-1.70523051e-06j -4.35421267e-06-2.00720247e-06j]
   [ 2.33193280e-06+2.63144347e-06j  1.76116888e-06+2.39881417e-06j
     9.40222584e-07+2.42995436e-06j ... -3.93107312e-06-2.08811760e-07j
    -4.43029590e-06-3.31863642e-07j -4.44072799e-06-6.47313463e-07j]
   [ 9.86376923e-07+3.17860535e-06j  3.40376053e-07+2.92192144e-06j
    -5.11610199e-07+2.60181602e-06j ... -3.33862384e-06-6.79151404e-07j
    -3.87197005e-06-2.86124637e-07j -4.24025678e-06+1.14013457e-07j]]

  [[-1.05638088e-06-3.69307912e-07j  4.72455266e-07-1.11602408e-06j
     1.27387570e-06+5.06894234e-07j ... -2.96746545e-07-3.70520238e-07j
     3.49351600e-07-2.56579999e-07j  3.10270827e-07+3.68272418e-07j]
   [ 1.34658255e-07-7.64254882e-07j  8.76542740e-07+1.44364413e-07j
    -5.58080687e-09+9.82086019e-07j ... -5.46796448e-07-5.02694480e-07j
     4.45876369e-07-5.41557434e-07j  5.89546927e-07+3.55815385e-07j]
   [ 3.09451999e-07+6.73237402e-07j -6.01572961e-07+5.18909381e-07j
    -7.84663472e-07-4.75300155e-07j ... -2.50204855e-07-4.21425201e-07j
     3.68245431e-07-3.22690397e-07j  3.57313502e-07+3.04888147e-07j]
   ...
   [ 2.09955410e-06+1.82866260e-07j  2.19341823e-06+4.36237511e-07j
     2.15313273e-06+6.10867784e-07j ... -2.43081864e-06-2.42592818e-07j
    -2.33053042e-06-5.04865720e-07j -2.34983464e-06-6.49435541e-07j]
   [ 1.37708962e-06+1.15449434e-06j  8.57524012e-07+8.14609397e-07j
    -6.81067283e-08+8.05467489e-07j ... -2.09186574e-06+2.07559371e-07j
    -2.56705552e-06+1.22437118e-07j -2.53056289e-06+2.70855928e-08j]
   [ 1.15546825e-06+1.89888254e-06j  6.00978715e-07+1.74024507e-06j
    -5.95783779e-07+1.25242364e-06j ... -1.83499986e-06-5.80143264e-07j
    -2.50523186e-06+1.35000267e-07j -2.70109930e-06+5.01013314e-07j]]]


 ...


 [[[-2.41840806e-07+3.99882946e-07j -3.75643626e-07-2.61393713e-07j
     2.20260971e-07-3.00028949e-07j ... -7.23612154e-08-3.07700335e-08j
     6.19188293e-08-1.07438287e-07j  1.00873387e-07+4.10857801e-08j]
   [ 1.72074357e-07+5.70557920e-07j -5.01348572e-07+3.31851767e-07j
    -3.81034572e-07-3.77122206e-07j ...  9.93608899e-08-1.99824216e-08j
     4.14488345e-08+2.02566526e-08j -4.61967830e-08+1.78770367e-08j]
   [-6.10929033e-07+1.18140675e-06j -1.31104868e-06-2.68515577e-07j
    -1.18118266e-07-1.36420204e-06j ...  1.62729500e-07-1.05951368e-07j
     1.11796323e-07+1.32564134e-07j -8.44933633e-08+1.28793497e-07j]
   ...
   [-1.54269682e-06-1.50148004e-07j -1.78879167e-06-2.61521371e-07j
    -1.48489804e-06-3.48737729e-07j ...  1.80048234e-06+2.65000076e-07j
     1.50607931e-06+4.28426956e-07j  1.72462510e-06+5.65271869e-07j]
   [-9.18335013e-07-5.42660015e-07j -6.42393282e-07-6.47514004e-07j
    -8.81825368e-07-6.43315673e-07j ...  1.24488971e-06-2.66811131e-07j
     1.38683988e-06-3.01491697e-07j  1.37947338e-06-9.48942800e-08j]
   [-6.15161597e-07-1.04207687e-06j -5.23966877e-07-9.09021873e-07j
    -6.02695070e-07-7.22832535e-07j ...  1.00318566e-06-2.41721697e-07j
     1.14682708e-06-1.40992645e-07j  1.30108639e-06-4.13504819e-07j]]

  [[-3.27421948e-07+4.10084564e-07j -4.01333992e-07-3.37200780e-07j
     3.21438881e-07-3.55208304e-07j ... -1.27338667e-07-1.33234159e-07j
     1.47541072e-07-2.05042589e-07j  1.93081010e-07+9.31416637e-08j]
   [-3.10528094e-08+2.82439552e-07j -2.30055946e-07+7.53425938e-08j
    -6.10583329e-08-1.31750152e-07j ... -9.12277523e-08-4.45908081e-07j
     3.97903853e-07-2.50880529e-07j  2.62524824e-07+2.88912315e-07j]
   [-2.51704684e-07+1.01877128e-06j -1.05217954e-06+7.02551158e-08j
    -4.17465314e-07-1.00943737e-06j ...  1.87741730e-08-8.55043884e-07j
     7.85089706e-07-2.04102711e-07j  3.87347442e-07+6.72961261e-07j]
   ...
   [-2.05982507e-06+3.35160215e-06j -2.47031329e-06+3.19673840e-06j
    -2.52436280e-06+3.04198152e-06j ...  1.98125095e-06-3.60953983e-06j
     2.07390384e-06-3.44836518e-06j  2.46774389e-06-3.21956576e-06j]
   [-2.83468985e-06+2.29694616e-06j -2.85980588e-06+1.89271983e-06j
    -3.21370811e-06+1.55419225e-06j ...  4.84317663e-07-3.58098988e-06j
     8.49096691e-07-3.64260277e-06j  1.07188757e-06-3.44591385e-06j]
   [-3.12637546e-06+2.78013946e-07j -3.23585064e-06+2.43593937e-07j
    -3.38109738e-06+2.99572150e-07j ... -1.31687234e-07-3.17962910e-06j
     1.81756652e-07-3.03828538e-06j  4.51824104e-07-3.23805314e-06j]]

  [[-2.63256457e-07+5.22294983e-07j -5.03439508e-07-2.92987306e-07j
     2.20384124e-07-4.18919792e-07j ... -1.68143135e-07-1.23828516e-07j
     1.53127883e-07-2.13263819e-07j  2.07883161e-07+1.17450537e-07j]
   [ 1.48206730e-07+7.42090567e-07j -6.67562286e-07+3.32007725e-07j
    -3.97071262e-07-5.41317390e-07j ... -5.94211274e-09-1.75786016e-07j
     1.81982905e-07-1.15976622e-07j  9.95949224e-08+1.25420755e-07j]
   [-7.84723571e-07+1.27859917e-06j -1.45245804e-06-4.11058451e-07j
    -1.92193201e-08-1.53233296e-06j ...  2.11463938e-07-3.50135900e-07j
     3.59286665e-07+1.10720233e-07j -3.99556469e-09+3.62492815e-07j]
   ...
   [-3.55991526e-06-9.77896438e-07j -3.81119829e-06-1.26576074e-06j
    -3.38786700e-06-1.49718424e-06j ...  3.86575408e-06+8.46542062e-07j
     3.48442285e-06+1.15647173e-06j  3.67348393e-06+1.44666797e-06j]
   [-2.54217894e-06-1.89421183e-06j -2.11079821e-06-2.11367401e-06j
    -2.31350576e-06-2.18957597e-06j ...  3.20748341e-06-5.34438574e-07j
     3.46941235e-06-4.87898635e-07j  3.44861294e-06-1.37213285e-07j]
   [-1.60396669e-06-2.68677426e-06j -1.43173809e-06-2.61079874e-06j
    -1.48264742e-06-2.41066114e-06j ...  2.67047814e-06-1.10306982e-06j
     2.89227425e-06-8.53915044e-07j  3.12244059e-06-1.08225329e-06j]]

  ...

  [[ 6.50909216e-07+4.58317423e-08j -5.20453507e-08+6.46657318e-07j
    -7.58645078e-07-8.21170321e-08j ... -5.65951481e-07+8.64945710e-08j
    -1.34212350e-07-5.70631405e-07j  5.18997521e-07-2.08678529e-07j]
   [ 1.93265435e-07+8.52404266e-07j -8.14899666e-07+2.99178209e-07j
    -4.11960574e-07-9.06539561e-07j ... -1.33974166e-06+4.51128737e-07j
    -6.54823175e-07-1.21353651e-06j  1.00336952e-06-8.84036323e-07j]
   [-9.29639369e-07+9.01993332e-08j -3.68153612e-07-8.94505484e-07j
     7.71100635e-07-5.55504731e-07j ... -2.49356875e-06+6.95136841e-07j
    -1.26041786e-06-2.09490339e-06j  1.58971499e-06-1.66913208e-06j]
   ...
   [-4.75209175e-06-5.77195193e-06j -4.41896972e-06-6.22296952e-06j
    -4.00588792e-06-6.60193834e-06j ...  5.62766786e-06+5.23426596e-06j
     5.17238325e-06+5.76532743e-06j  4.66780914e-06+6.32377703e-06j]
   [-3.20498450e-06-6.84109505e-06j -2.79925440e-06-6.92751533e-06j
    -2.07918213e-06-6.99690996e-06j ...  6.80239345e-06+3.17430244e-06j
     7.05886259e-06+3.35371286e-06j  7.03279807e-06+3.41916815e-06j]
   [-7.39660147e-07-6.62167917e-06j -5.71519157e-07-7.13492078e-06j
     1.91703460e-07-7.41020655e-06j ...  6.99117642e-06+5.67950925e-07j
     6.93660924e-06+9.53173160e-07j  6.93522031e-06+1.01816049e-06j]]

  [[ 6.83574269e-07+2.63068401e-07j -2.86195264e-07+6.92321950e-07j
    -8.16983627e-07-3.01617055e-07j ... -1.31561433e-06-2.45778830e-07j
     3.76580524e-07-1.41753585e-06j  1.47135233e-06+1.73033347e-07j]
   [ 1.23785077e-07+1.03699214e-06j -1.01648470e-06+2.47275574e-07j
    -3.90284113e-07-1.10178227e-06j ... -1.28569329e-06-1.19979000e-06j
     1.01950276e-06-1.48744918e-06j  1.60367411e-06+5.93077509e-07j]
   [-1.13279084e-06+1.42404952e-07j -4.68450030e-07-1.09647527e-06j
     9.65955482e-07-7.27280459e-07j ... -5.85372759e-07-1.77999252e-06j
     1.57518813e-06-9.56322024e-07j  1.10212316e-06+1.39259766e-06j]
   ...
   [-5.24099768e-06-5.37341645e-06j -4.59297218e-06-5.79328780e-06j
    -4.47692677e-06-6.18362759e-06j ...  5.83580827e-06+4.85702381e-06j
     5.74328683e-06+5.36054156e-06j  4.94807512e-06+5.92764617e-06j]
   [-3.45084211e-06-7.28958842e-06j -2.54245316e-06-6.96266682e-06j
    -2.05203369e-06-6.96316074e-06j ...  6.19896831e-06+2.29245857e-06j
     7.03041395e-06+2.29347973e-06j  6.98953673e-06+2.52845555e-06j]
   [-1.01508428e-06-7.25407495e-06j -7.50709684e-07-7.82934772e-06j
     1.55756403e-07-7.44674116e-06j ...  6.66828822e-06+2.55033921e-07j
     7.24281360e-06+5.94333409e-07j  7.24216679e-06+7.04444117e-07j]]

  [[ 7.05434670e-07+4.76451835e-08j -6.45927089e-08+6.89866179e-07j
    -7.87211139e-07-1.12588623e-07j ... -9.30133291e-07-1.33541436e-07j
     1.84409410e-07-9.73308131e-07j  9.73607246e-07+4.62633264e-08j]
   [ 2.59743571e-07+5.92537912e-07j -5.67767454e-07+2.90598140e-07j
    -3.67869742e-07-6.26181410e-07j ... -1.18591543e-06-2.56413942e-07j
     1.08298829e-07-1.18970621e-06j  1.14887344e-06-1.68507999e-07j]
   [-2.99669249e-07-5.25364016e-08j -3.48089952e-08-3.13851005e-07j
     3.25692496e-07-6.61321252e-08j ... -1.14281478e-06-1.47846297e-07j
    -1.01394391e-07-1.05417094e-06j  8.45881483e-07-2.40144049e-07j]
   ...
   [-5.02054397e-06-5.99991658e-06j -4.49573451e-06-6.44848511e-06j
    -4.24461175e-06-6.87253552e-06j ...  5.80062682e-06+5.44298400e-06j
     5.51484819e-06+5.93956449e-06j  4.83144169e-06+6.48531676e-06j]
   [-3.81371309e-06-7.57072620e-06j -3.11900183e-06-7.56217383e-06j
    -2.21007091e-06-7.60503800e-06j ...  6.75560805e-06+2.98509300e-06j
     7.13388951e-06+3.10240979e-06j  7.02087917e-06+3.33609216e-06j]
   [-1.06224848e-06-7.32576125e-06j -7.26578552e-07-7.88998186e-06j
     3.45759996e-07-7.89799911e-06j ...  7.15900564e-06+5.49252500e-07j
     7.28661846e-06+8.10394622e-07j  7.32603037e-06+8.21618069e-07j]]]


 [[[-1.34207226e-07-2.06766143e-07j  1.41575304e-07-1.88026027e-07j
     1.59374545e-07+7.93268350e-08j ... -1.03431269e-06-3.98658302e-07j
     4.36663680e-07-1.04590947e-06j  1.08355200e-06+3.19486752e-07j]
   [-2.80821778e-07-4.59442584e-07j  4.30598792e-07-3.65324586e-07j
     4.27501536e-07+3.42644869e-07j ... -1.24408150e-06-7.45121275e-07j
     5.81115351e-07-1.28757476e-06j  1.33784463e-06+3.29512570e-07j]
   [ 2.45556547e-07-7.02756018e-07j  7.11234420e-07+7.50864650e-08j
     7.73437247e-08+7.28037670e-07j ... -5.81975795e-07-1.32998686e-06j
     1.16012161e-06-8.89896298e-07j  1.04099294e-06+9.43818258e-07j]
   ...
   [ 7.30397604e-07+6.82144252e-08j  9.72955525e-07+8.05036388e-08j
     6.36829062e-07+7.24218708e-08j ... -1.14294594e-06+4.88602187e-08j
    -8.47816849e-07-2.83831706e-08j -1.15632558e-06-6.07125914e-08j]
   [ 6.89802314e-07+6.62499251e-07j  7.94416406e-07+8.21889243e-07j
     8.93414748e-07+6.57104949e-07j ... -1.50004941e-06+7.39183146e-07j
    -1.64210272e-06+6.12604858e-07j -1.81140390e-06+2.85701519e-07j]
   [ 7.32458370e-07+1.55903919e-06j  2.94008413e-07+1.50057319e-06j
     2.29748815e-07+1.42483730e-06j ... -1.12625297e-06+5.95846338e-07j
    -1.11374791e-06+6.73786473e-07j -1.69625427e-06+7.03703346e-07j]]

  [[-3.45350354e-07-1.54864691e-07j  6.55490015e-08-4.19093958e-07j
     3.63505709e-07+2.66421981e-08j ... -5.08248975e-07-3.91572041e-07j
     4.11668411e-07-5.41860947e-07j  5.79755845e-07+3.12652722e-07j]
   [-3.49552042e-07-5.58424467e-07j  5.34895160e-07-4.75689086e-07j
     5.32806335e-07+4.31358217e-07j ... -7.94556561e-07-7.41229059e-07j
     6.04684262e-07-8.57227711e-07j  9.10484331e-07+4.04594885e-07j]
   [ 2.81415468e-07-8.52194816e-07j  8.53202982e-07+7.26749813e-08j
     1.28520578e-07+8.60305087e-07j ... -4.47910829e-07-1.02370894e-06j
     8.89943397e-07-6.69901954e-07j  7.78767812e-07+7.23153702e-07j]
   ...
   [ 5.09070338e-07+1.65080019e-07j  6.14684574e-07+1.51513579e-07j
     4.10527504e-07+1.48616814e-07j ... -9.90654377e-07-5.16414677e-07j
    -7.84672707e-07-5.35013823e-07j -9.43976639e-07-5.50209652e-07j]
   [-2.58832658e-07+8.25842205e-07j -2.07268670e-07+8.57405367e-07j
    -1.76975672e-07+6.84475682e-07j ... -1.17933157e-06-4.47571713e-07j
    -1.08590960e-06-6.19711265e-07j -1.16847564e-06-8.50242608e-07j]
   [-9.18472526e-07+1.24080092e-06j -1.13034917e-06+1.05893562e-06j
    -1.12957132e-06+7.02289023e-07j ... -8.15846033e-07-1.11949159e-06j
    -7.78621352e-07-1.01575440e-06j -1.04651087e-06-1.11424547e-06j]]

  [[-2.31624441e-07-3.64346709e-07j  2.82811164e-07-2.98043632e-07j
     2.75695951e-07+2.00544156e-07j ... -1.13352441e-06-3.73113243e-07j
     4.33458218e-07-1.14781087e-06j  1.20516104e-06+3.17185834e-07j]
   [-3.63736650e-07-7.84439228e-07j  7.48386995e-07-5.10625959e-07j
     6.10048275e-07+6.31192016e-07j ... -1.24603938e-06-8.94777307e-07j
     7.31507554e-07-1.30385394e-06j  1.38820993e-06+4.74577322e-07j]
   [ 5.23740231e-07-9.79846984e-07j  1.03989037e-06+2.87907949e-07j
    -5.88988454e-08+1.10419007e-06j ... -3.08371827e-07-1.51415058e-06j
     1.42054611e-06-6.85311143e-07j  9.03248681e-07+1.26165866e-06j]
   ...
   [ 2.58218454e-06-4.84461397e-07j  2.93374386e-06-3.45966745e-07j
     2.53214243e-06-2.31262816e-07j ... -3.00261122e-06+6.37025933e-07j
    -2.67454935e-06+4.44831062e-07j -3.10039240e-06+3.14155834e-07j]
   [ 2.30184652e-06+6.71836002e-07j  2.33075164e-06+8.99457888e-07j
     2.46364349e-06+8.28961249e-07j ... -2.76945636e-06+1.87766144e-06j
    -3.02796497e-06+1.65066993e-06j -3.31006444e-06+1.16891264e-06j]
   [ 1.96218505e-06+2.19633183e-06j  1.40860922e-06+2.10835019e-06j
     1.34537830e-06+1.98673704e-06j ... -1.74764021e-06+1.72888908e-06j
    -1.94675016e-06+1.73474714e-06j -2.71579622e-06+1.72583321e-06j]]

  ...

  [[-1.88082843e-07+6.98880287e-07j -7.06160899e-07-1.63655527e-07j
     1.02029053e-07-6.99674814e-07j ...  9.15502954e-07+2.22620304e-07j
    -2.02004266e-07+8.42106122e-07j -9.41265462e-07-1.80026301e-07j]
   [-9.14393335e-07+1.08943022e-06j -1.21730270e-06-7.17574112e-07j
     5.57024641e-07-1.42346534e-06j ...  1.58757025e-06+1.11777640e-06j
    -8.58918207e-07+1.68921310e-06j -1.78339664e-06-4.79713391e-07j]
   [-1.88213413e-06-6.79443282e-07j  2.02149585e-07-2.07727537e-06j
     2.07531139e-06-3.19418961e-07j ...  1.71934101e-06+2.20081770e-06j
    -1.71796976e-06+2.17845331e-06j -2.37013801e-06-1.11016818e-06j]
   ...
   [ 4.71815529e-06-3.35667519e-08j  4.45143129e-06+2.83309592e-07j
     4.61886614e-06+5.77202456e-07j ... -4.51419698e-06+1.30545300e-07j
    -4.76333482e-06-2.26451120e-07j -4.46832864e-06-5.51468574e-07j]
   [ 3.75893639e-06+1.43570213e-06j  3.26724354e-06+1.53821092e-06j
     3.45417116e-06+1.87290652e-06j ... -4.41214732e-06+1.59482079e-06j
    -4.17573183e-06+5.91932747e-07j -3.20817293e-06-1.98551937e-07j]
   [ 1.31067567e-06+2.61501551e-06j  1.16064641e-06+2.41082133e-06j
     1.45456399e-06+1.85092777e-06j ... -2.64341302e-06+2.98782876e-06j
    -3.68151557e-06+2.61135250e-06j -3.38182226e-06+1.21997758e-06j]]

  [[-3.22385258e-08-3.35033822e-07j  2.97055513e-07-1.21660992e-07j
     4.27780259e-08+2.19687610e-07j ... -1.28784832e-07+2.62727398e-07j
    -2.12819764e-07-1.14504324e-07j  1.47187220e-07-2.16841896e-07j]
   [-2.66348828e-07-2.02265158e-07j  1.44761785e-07-3.09172748e-07j
     2.94871603e-07+1.86068159e-08j ...  1.47941368e-08+3.02535156e-07j
    -2.82788284e-07+1.11736412e-07j -1.25701814e-07-2.05004816e-07j]
   [ 9.25961852e-08-1.10666597e-06j  1.10365621e-06-2.10841777e-07j
     5.06978267e-07+1.07534569e-06j ...  5.83125875e-07+4.78359695e-07j
    -2.38075910e-07+6.29858936e-07j -6.25813852e-07-1.94921074e-08j]
   ...
   [ 5.60448132e-06+1.77303459e-07j  5.72201905e-06+5.86825458e-07j
     5.47860500e-06+9.31508520e-07j ... -5.88402251e-06-2.11450617e-07j
    -5.69742903e-06-7.00515287e-07j -5.79229267e-06-1.02777991e-06j]
   [ 3.65592005e-06+1.29484722e-06j  3.70794481e-06+1.16917673e-06j
     4.35788028e-06+1.33682568e-06j ... -5.13017954e-06+2.80495620e-06j
    -5.24456713e-06+1.68275138e-06j -5.22415222e-06+4.03562020e-07j]
   [ 1.64573938e-06+3.02205084e-06j  1.46839338e-06+2.78681921e-06j
     1.85331015e-06+3.02744211e-06j ... -3.94511692e-06+2.64068355e-06j
    -4.34475580e-06+2.00740333e-06j -4.37672969e-06+1.24222037e-06j]]

  [[ 2.02719240e-08+2.50453276e-07j -2.60918139e-07-3.14676134e-09j
    -6.29808621e-08-2.91546624e-07j ...  4.48458544e-07+4.48024918e-07j
    -3.86796525e-07+4.19692705e-07j -4.33555556e-07-3.89048797e-07j]
   [-4.33204670e-07+5.61683107e-07j -6.39404523e-07-3.27071975e-07j
     2.37297152e-07-7.50506628e-07j ...  7.71455051e-07+9.08433334e-07j
    -7.69331320e-07+8.96252189e-07j -9.81684309e-07-5.67539328e-07j]
   [-7.66154094e-07-5.33647577e-07j  3.58997647e-07-9.19678606e-07j
     1.00021469e-06+1.54760707e-07j ...  8.36610156e-07+1.64583108e-06j
    -1.33789898e-06+1.19711976e-06j -1.40625762e-06-9.45572069e-07j]
   ...
   [ 5.98628192e-06+1.22855748e-06j  5.84447269e-06+1.67060241e-06j
     5.70775739e-06+2.03755413e-06j ... -6.04391960e-06-1.02242504e-06j
    -5.98670743e-06-1.53040476e-06j -5.81239321e-06-1.90266940e-06j]
   [ 4.08923738e-06+2.52753612e-06j  3.83370313e-06+2.57590041e-06j
     4.10182599e-06+2.87508470e-06j ... -5.90555653e-06+1.59261707e-06j
    -5.68637007e-06+5.69107110e-07j -5.11399484e-06-4.85548029e-07j]
   [ 1.55311766e-06+3.82903812e-06j  1.30779234e-06+3.63561082e-06j
     1.42182783e-06+3.56079125e-06j ... -4.50883057e-06+2.49201934e-06j
    -5.11042448e-06+2.04164961e-06j -4.89038911e-06+1.02648702e-06j]]]


 [[[-2.26852968e-07-4.32507078e-07j  4.57189465e-07-2.50672831e-07j
     2.85944013e-07+4.08313323e-07j ... -7.09677812e-07+1.89519741e-07j
    -2.29825406e-07-6.55309612e-07j  6.11878683e-07-2.09837303e-07j]
   [-1.58355080e-07-5.97728413e-07j  5.90686367e-07-2.51380363e-07j
     3.45277200e-07+5.37941133e-07j ... -7.93234913e-07+3.91167361e-07j
    -4.48695924e-07-6.87822196e-07j  6.17674556e-07-5.10497993e-07j]
   [ 4.96823984e-07-6.37184292e-07j  7.39940309e-07+3.42206993e-07j
    -1.76276216e-07+8.43810510e-07j ... -7.09009978e-07+7.72626211e-08j
    -2.01734024e-07-6.76640043e-07j  6.02657074e-07-3.36711867e-07j]
   ...
   [ 4.06649187e-06-2.79800992e-06j  4.29723146e-06-2.53220316e-06j
     4.42848381e-06-2.20132840e-06j ... -3.88710735e-06+3.31994254e-06j
    -4.05403426e-06+3.01621685e-06j -4.31353702e-06+2.68794615e-06j]
   [ 4.44423631e-06-8.38193574e-07j  4.28675836e-06-7.36152537e-07j
     4.39533292e-06-6.13207060e-07j ... -2.32027382e-06+4.32568651e-06j
    -2.56734898e-06+4.25646409e-06j -2.89007547e-06+3.98122095e-06j]
   [ 4.46965535e-06+9.09432253e-07j  4.10007526e-06+8.18880386e-07j
     4.07101076e-06+7.81388983e-07j ... -8.49488174e-07+4.52430084e-06j
    -1.37813392e-06+4.50761979e-06j -1.89597108e-06+4.34823469e-06j]]

  [[ 1.21746252e-07-5.08755988e-07j  5.34030425e-07+1.20396152e-07j
    -9.49126598e-08+5.13788868e-07j ... -1.08219966e-06+3.69074317e-07j
    -3.86875111e-07-1.01047083e-06j  9.67781600e-07-3.88867988e-07j]
   [ 2.17977471e-07-3.35817244e-07j  3.61236509e-07+1.79757595e-07j
    -1.36726925e-07+3.67467916e-07j ... -1.07301383e-06+5.33579983e-07j
    -6.00736939e-07-9.54876639e-07j  8.77807976e-07-7.22231192e-07j]
   [ 3.13018671e-07-2.22206378e-07j  2.75042487e-07+2.47056268e-07j
    -1.68887568e-07+3.33705594e-07j ... -9.45614281e-07-7.70868872e-08j
    -1.17113906e-07-9.48308293e-07j  8.48136309e-07-3.09562106e-07j]
   ...
   [ 2.83813676e-06-4.95668669e-06j  3.33274827e-06-4.79336832e-06j
     3.51903028e-06-4.53153463e-06j ... -2.43059659e-06+5.39868235e-06j
    -2.63165900e-06+5.18644315e-06j -3.16239838e-06+4.90416723e-06j]
   [ 4.13452662e-06-3.56198270e-06j  4.25102295e-06-3.33696563e-06j
     4.48502863e-06-3.22056634e-06j ... -1.40370231e-07+5.87515784e-06j
    -4.39849426e-07+6.02659300e-06j -1.07888976e-06+5.87954975e-06j]
   [ 5.32595738e-06-1.77498382e-06j  5.20659398e-06-1.71077165e-06j
     5.42683531e-06-1.36608547e-06j ...  1.45746755e-06+5.42955291e-06j
     1.14900969e-06+5.49376074e-06j  5.70563661e-07+5.67147749e-06j]]

  [[-1.29170259e-07-3.57092887e-07j  3.88394729e-07-1.37541368e-07j
     1.61651737e-07+3.45429701e-07j ... -8.41720513e-07+3.31262043e-07j
    -3.52888256e-07-7.75844230e-07j  7.38781475e-07-3.38476039e-07j]
   [-1.73655059e-07-3.74526965e-07j  3.56399423e-07-2.29738332e-07j
     2.91127399e-07+2.95483556e-07j ... -8.83665735e-07+4.98279730e-07j
    -5.56379313e-07-7.66587894e-07j  6.88324340e-07-6.42232076e-07j]
   [ 2.22787689e-07-5.84268116e-07j  6.19744953e-07+7.68811116e-08j
     5.75263091e-08+6.56035468e-07j ... -8.50515365e-07+3.57881088e-08j
    -1.98383523e-07-8.26521391e-07j  7.33559241e-07-3.69236190e-07j]
   ...
   [ 3.85073576e-06-2.42089317e-06j  4.05355500e-06-2.20217598e-06j
     4.13433673e-06-1.88869996e-06j ... -3.68780640e-06+2.94227098e-06j
    -3.79852135e-06+2.65146642e-06j -4.06282118e-06+2.34958965e-06j]
   [ 4.07000530e-06-7.22219443e-07j  3.94340713e-06-5.71127119e-07j
     4.00770862e-06-4.62242379e-07j ... -2.26463675e-06+3.90069791e-06j
    -2.37762557e-06+3.91191460e-06j -2.74363627e-06+3.68112745e-06j]
   [ 4.19709179e-06+7.99952826e-07j  3.81247618e-06+7.33945664e-07j
     3.74400685e-06+7.64800299e-07j ... -8.99686388e-07+4.07925575e-06j
    -1.31118167e-06+4.16220729e-06j -1.74425607e-06+4.08952187e-06j]]

  ...

  [[ 1.73182494e-07-9.90529822e-07j  9.51839238e-07+2.02519505e-07j
    -1.95140980e-07+1.12256820e-06j ...  5.82658790e-07+3.34446663e-08j
     2.21245985e-08+5.44674227e-07j -5.54696432e-07-3.08614009e-08j]
   [ 1.40723129e-06-1.09882886e-06j  1.25276086e-06+1.25330411e-06j
    -1.11827387e-06+1.58730635e-06j ...  5.43104551e-07+7.04332241e-07j
    -6.63477621e-07+6.23352855e-07j -7.75727700e-07-4.91959367e-07j]
   [ 2.19396271e-06+9.84315000e-07j -3.81067122e-07+2.41886547e-06j
    -2.34598968e-06+2.03742601e-07j ... -1.64250005e-07+1.69618067e-06j
    -1.67934487e-06+3.49994069e-07j -7.28817443e-07-1.50013930e-06j]
   ...
   [ 7.79936310e-07+1.58853933e-07j  5.08666413e-07+1.53690988e-07j
     7.02277526e-07+2.17012594e-07j ... -5.30235896e-07+8.34834668e-08j
    -7.42108060e-07-2.57606443e-08j -4.30530126e-07-2.95611486e-07j]
   [ 1.12149950e-06+3.49685821e-08j  1.27451426e-06+7.40216465e-07j
     1.41131368e-06+1.08155880e-06j ... -5.16716312e-07-3.76309323e-07j
    -6.42796073e-07-5.21688843e-07j -4.94415391e-07-6.73113665e-07j]
   [ 3.77450886e-07+1.10216374e-07j  5.21136639e-07+1.55808229e-06j
     3.15805579e-07+1.44784529e-06j ...  1.05635203e-06+9.77208605e-08j
     1.50908129e-06+2.92561626e-07j  1.10541594e-06+5.19117247e-07j]]

  [[ 6.87149663e-08-6.47979866e-07j  6.77457787e-07+7.72668762e-08j
    -5.10207687e-08+7.59357986e-07j ... -2.10824164e-07+6.89633300e-08j
     5.49959590e-08-1.66754272e-07j  2.87391728e-07+2.07104064e-08j]
   [ 8.34423900e-07-4.39456065e-07j  5.52458807e-07+8.28497801e-07j
    -7.91654178e-07+7.56027007e-07j ... -7.39978391e-08-1.93486170e-07j
     1.73776863e-07-2.96146734e-08j  8.07386808e-08+1.99539082e-07j]
   [ 5.89910534e-07+9.20644688e-07j -7.94306767e-07+8.27160837e-07j
    -9.93436415e-07-6.35636293e-07j ...  4.05377077e-07+9.94927766e-08j
     8.07962237e-08+4.26643526e-07j -4.42158142e-07+2.71001158e-07j]
   ...
   [ 4.30201431e-06+1.17793856e-07j  4.28336601e-06+3.25297529e-07j
     4.12510226e-06+5.96447009e-07j ... -4.37977176e-06+2.78760802e-07j
    -4.28610422e-06-2.79981086e-08j -4.33787219e-06-4.24361796e-07j]
   [ 3.29768105e-06+7.24165651e-07j  3.48921942e-06+1.17266201e-06j
     3.50729966e-06+1.42138190e-06j ... -3.62781875e-06+2.22977126e-06j
    -4.14256179e-06+1.94210924e-06j -4.78929852e-06+1.48115830e-06j]
   [ 3.03055794e-06+2.08552391e-06j  2.59221532e-06+2.75239565e-06j
     2.25033173e-06+2.97828580e-06j ... -1.78491551e-06+2.57703168e-06j
    -1.64600515e-06+2.76105617e-06j -2.39921867e-06+2.76858072e-06j]]

  [[-4.64438546e-08-6.58657392e-07j  6.78196537e-07-4.83551678e-08j
     7.43228731e-08+7.49973435e-07j ... -3.21382315e-07+4.85572475e-08j
     1.16323493e-08-2.79757868e-07j  3.21296294e-07-1.60316680e-08j]
   [ 7.19371913e-07-6.94600979e-07j  7.83336776e-07+6.47105647e-07j
    -5.56074108e-07+9.71960924e-07j ... -1.30281529e-07+1.70299733e-07j
    -1.93393077e-07-6.06319947e-08j  3.09437219e-08-1.17272559e-07j]
   [ 1.07225168e-06+6.81388683e-07j -4.11477089e-07+1.25999946e-06j
    -1.32989343e-06-1.11249956e-07j ...  3.99911972e-07+4.67016733e-07j
    -2.67473627e-07+4.91317150e-07j -5.38295136e-07-5.68073758e-08j]
   ...
   [ 1.74700467e-07+8.20564468e-07j  2.22236952e-08+7.03823743e-07j
    -1.49837182e-07+5.86644503e-07j ... -1.18408211e-07-6.15721918e-07j
    -5.07752328e-08-6.23872826e-07j  7.14785318e-09-7.19401741e-07j]
   [-1.42369165e-07+2.34684200e-07j -9.53770390e-08+6.55526465e-07j
    -1.60636184e-07+7.18396092e-07j ... -8.88869702e-08-4.51902308e-07j
    -2.39981150e-07-4.70689458e-07j -6.37004310e-07-6.12028011e-07j]
   [-1.93856614e-07+6.73480494e-08j -4.32193847e-07+1.15618096e-06j
    -6.14013400e-07+1.47616506e-06j ...  3.29759958e-07-2.50340433e-07j
     1.01151588e-06-2.82863235e-08j  6.06378454e-07+1.10481184e-07j]]]]"
