subject,musician,period,spect_abs
14,1,pre,"[[[[1.32215611e-06 1.30936451e-06 1.29397940e-06 ... 4.37280386e-07
    3.97112529e-07 3.93262811e-07]
   [1.54432534e-06 1.55340241e-06 1.47419844e-06 ... 4.59256417e-07
    4.42507971e-07 3.74071614e-07]
   [1.93017852e-06 1.91401288e-06 1.94744483e-06 ... 1.49398541e-06
    1.42578836e-06 1.41935755e-06]
   ...
   [5.22237660e-06 5.14603495e-06 5.10435601e-06 ... 5.71428027e-06
    5.75520195e-06 5.70227027e-06]
   [5.97387108e-06 5.86334830e-06 6.06717072e-06 ... 6.29712938e-06
    6.09656418e-06 6.02958840e-06]
   [6.29376774e-06 6.23845355e-06 6.76314552e-06 ... 6.74176299e-06
    6.32083444e-06 6.52283846e-06]]

  [[1.63582162e-06 1.68139981e-06 1.71093602e-06 ... 1.10500437e-06
    1.04714998e-06 1.06910387e-06]
   [1.58336519e-06 1.58039215e-06 1.50871592e-06 ... 4.01336684e-07
    4.50293355e-07 5.24905492e-07]
   [1.78873745e-06 1.75698387e-06 1.78141027e-06 ... 9.15874407e-07
    9.12312258e-07 9.75166319e-07]
   ...
   [4.94963071e-06 4.88791195e-06 4.82586048e-06 ... 5.40365637e-06
    5.40346734e-06 5.30841786e-06]
   [5.46403855e-06 5.40537056e-06 5.60766632e-06 ... 5.57223505e-06
    5.51822026e-06 5.58986317e-06]
   [5.66682613e-06 5.68167580e-06 6.15252342e-06 ... 6.01206943e-06
    5.57610791e-06 5.71648213e-06]]

  [[1.52617340e-06 1.47982701e-06 1.44802955e-06 ... 2.63224816e-07
    2.34760130e-07 2.28339597e-07]
   [2.12516572e-06 2.15492974e-06 2.07492846e-06 ... 2.99396483e-07
    3.02630878e-07 2.48207351e-07]
   [2.67341699e-06 2.66229830e-06 2.71730404e-06 ... 9.22878735e-07
    8.90424826e-07 9.07872666e-07]
   ...
   [4.83093227e-06 4.66884606e-06 4.65789960e-06 ... 5.44365263e-06
    5.54849357e-06 5.43785093e-06]
   [5.79357508e-06 5.70758234e-06 5.88396577e-06 ... 5.95162940e-06
    5.84506739e-06 5.81620360e-06]
   [6.31634662e-06 6.19545430e-06 6.84226767e-06 ... 6.80151803e-06
    6.39514712e-06 6.72076151e-06]]

  ...

  [[3.77663605e-07 4.02763470e-07 4.17020699e-07 ... 6.56558954e-07
    7.03964443e-07 6.10391364e-07]
   [6.93381171e-07 7.15725952e-07 6.89181621e-07 ... 1.25450634e-06
    1.21033107e-06 1.11747597e-06]
   [1.12132396e-06 1.15010716e-06 1.19419393e-06 ... 1.19660315e-06
    1.14943529e-06 1.14491279e-06]
   ...
   [3.55351075e-06 3.38393374e-06 3.53327006e-06 ... 3.73186595e-06
    3.85807220e-06 3.72763129e-06]
   [3.20048565e-06 3.49530612e-06 3.68024495e-06 ... 3.54841888e-06
    3.40712870e-06 3.60501615e-06]
   [3.02912503e-06 3.46683949e-06 3.95665558e-06 ... 4.20330715e-06
    3.91576062e-06 3.47821249e-06]]

  [[3.60072916e-07 3.79007899e-07 3.19583630e-07 ... 9.93364542e-07
    1.02121743e-06 9.43017259e-07]
   [5.54749918e-07 5.47910177e-07 5.10243593e-07 ... 1.37130834e-06
    1.33724965e-06 1.27940107e-06]
   [1.09662671e-06 1.12676176e-06 1.16065579e-06 ... 1.12480367e-06
    1.15980750e-06 1.16872230e-06]
   ...
   [2.38077257e-06 2.12070970e-06 2.32853263e-06 ... 2.47860203e-06
    2.66757841e-06 2.53226327e-06]
   [1.82626165e-06 2.25700100e-06 2.11375547e-06 ... 2.02866113e-06
    1.89043663e-06 2.46214616e-06]
   [1.81605495e-06 2.32085585e-06 2.92228085e-06 ... 2.71790913e-06
    2.44697549e-06 2.39819900e-06]]

  [[4.54042737e-07 4.91522529e-07 4.42748983e-07 ... 1.28304490e-06
    1.28719207e-06 1.19078675e-06]
   [4.15882959e-07 3.92382483e-07 3.58065935e-07 ... 1.46616297e-06
    1.42320535e-06 1.35788276e-06]
   [8.16570489e-07 8.45660850e-07 8.72279947e-07 ... 1.14345586e-06
    1.08299081e-06 1.03124193e-06]
   ...
   [3.30971758e-06 3.09466492e-06 3.21812067e-06 ... 3.43661078e-06
    3.50694848e-06 3.40379415e-06]
   [2.80526767e-06 3.25279815e-06 3.40783040e-06 ... 3.13842641e-06
    2.99294874e-06 3.40727026e-06]
   [2.61555326e-06 3.25294345e-06 3.97450389e-06 ... 3.75064315e-06
    3.46589388e-06 3.30027810e-06]]]


 [[[4.31078793e-07 3.55686143e-07 2.81339583e-07 ... 8.20402999e-07
    8.43739335e-07 8.75877551e-07]
   [1.06722094e-06 1.08533430e-06 1.08393863e-06 ... 1.29401805e-06
    1.25453382e-06 1.21516626e-06]
   [1.81139188e-06 1.88302729e-06 1.94964477e-06 ... 1.38180623e-06
    1.37406687e-06 1.29365151e-06]
   ...
   [4.93389448e-06 5.29532167e-06 4.93102850e-06 ... 4.81221819e-06
    4.43012149e-06 4.80687879e-06]
   [5.84509096e-06 5.55142856e-06 5.62231785e-06 ... 5.26468115e-06
    5.42305496e-06 5.20911140e-06]
   [6.20707884e-06 5.94139291e-06 5.92531163e-06 ... 5.16589775e-06
    5.18997376e-06 5.92587677e-06]]

  [[5.39166159e-07 4.63506068e-07 4.39263031e-07 ... 1.03950348e-06
    1.02829576e-06 1.10402996e-06]
   [1.14742138e-06 1.14118730e-06 1.19325270e-06 ... 1.38033282e-06
    1.33589706e-06 1.33857686e-06]
   [1.64885324e-06 1.71568430e-06 1.74306182e-06 ... 1.65594900e-06
    1.66687285e-06 1.57701369e-06]
   ...
   [3.03324292e-06 3.44996438e-06 3.03008990e-06 ... 3.03084665e-06
    2.66057834e-06 3.02629295e-06]
   [4.52124527e-06 4.25106340e-06 4.32573674e-06 ... 3.60706273e-06
    3.87719128e-06 3.79865260e-06]
   [5.22416195e-06 4.86078934e-06 4.82698043e-06 ... 4.15405605e-06
    4.25172132e-06 5.00290301e-06]]

  [[4.71266211e-07 4.25045921e-07 3.55452966e-07 ... 9.47188823e-07
    9.48482825e-07 9.92443575e-07]
   [6.93770060e-07 6.73511267e-07 6.84922052e-07 ... 1.23388570e-06
    1.19371940e-06 1.17591398e-06]
   [1.21239375e-06 1.26747819e-06 1.29869198e-06 ... 1.12139110e-06
    1.13892269e-06 1.07813602e-06]
   ...
   [5.57305105e-06 5.93639470e-06 5.54718885e-06 ... 5.44405366e-06
    5.05012980e-06 5.46655011e-06]
   [6.43836046e-06 6.26838694e-06 6.27359705e-06 ... 5.85876514e-06
    5.98697404e-06 5.84219013e-06]
   [6.65652424e-06 6.43249974e-06 6.29846007e-06 ... 5.60176381e-06
    5.61902626e-06 6.27519545e-06]]

  ...

  [[6.31237484e-07 6.73636549e-07 6.72288239e-07 ... 3.62982112e-07
    4.35610510e-07 4.73231897e-07]
   [1.09932857e-06 1.17861209e-06 1.26005134e-06 ... 1.00293510e-06
    1.03333814e-06 9.05292616e-07]
   [1.25273875e-06 1.29320448e-06 1.30578871e-06 ... 1.44222040e-06
    1.38757910e-06 1.38285666e-06]
   ...
   [6.17450287e-06 6.13530580e-06 6.00619164e-06 ... 5.82436299e-06
    5.61105533e-06 5.61792834e-06]
   [5.79937605e-06 5.91800370e-06 5.65651940e-06 ... 4.98638033e-06
    5.57909872e-06 5.92426115e-06]
   [5.77831636e-06 5.71609751e-06 5.35753573e-06 ... 4.60413870e-06
    5.04205053e-06 5.48488576e-06]]

  [[5.35269791e-07 5.34284785e-07 5.00047922e-07 ... 5.50714685e-07
    5.88845815e-07 6.68854157e-07]
   [9.94891791e-07 1.05505140e-06 1.12007412e-06 ... 1.15981453e-06
    1.18123496e-06 1.08999273e-06]
   [1.17756307e-06 1.19712517e-06 1.18255078e-06 ... 1.67122911e-06
    1.65838398e-06 1.66708833e-06]
   ...
   [5.22839337e-06 5.33474385e-06 5.26426755e-06 ... 5.36225115e-06
    5.12511209e-06 5.12666069e-06]
   [5.29722693e-06 5.34961394e-06 5.20462894e-06 ... 4.98949026e-06
    5.47085739e-06 5.75440023e-06]
   [5.33656687e-06 5.40139370e-06 4.90389914e-06 ... 4.19237371e-06
    4.62783789e-06 5.02555176e-06]]

  [[4.25627866e-07 4.04814828e-07 3.98863735e-07 ... 1.82629647e-07
    2.18240866e-07 3.06059196e-07]
   [6.52543449e-07 7.33910818e-07 7.29186279e-07 ... 7.43888129e-07
    7.87877705e-07 6.70178784e-07]
   [1.44140322e-06 1.46473775e-06 1.51253710e-06 ... 1.11537517e-06
    1.08848134e-06 1.13985918e-06]
   ...
   [4.59393524e-06 4.65391043e-06 4.55998175e-06 ... 4.40121890e-06
    4.21662309e-06 4.23240916e-06]
   [4.69408492e-06 5.04670406e-06 4.84361737e-06 ... 4.37672817e-06
    4.82429905e-06 5.05075753e-06]
   [4.89371125e-06 5.08510036e-06 4.58990706e-06 ... 3.94751293e-06
    4.50598819e-06 4.60522788e-06]]]


 [[[4.10548734e-07 4.27975538e-07 3.98293762e-07 ... 1.53359337e-07
    1.49295274e-07 1.64653980e-07]
   [4.05419271e-07 4.38455493e-07 4.42969502e-07 ... 1.51190766e-07
    1.81523091e-07 1.63098229e-07]
   [3.50024616e-07 3.67474088e-07 3.89573299e-07 ... 4.12549598e-07
    4.06728062e-07 4.53933639e-07]
   ...
   [2.25861177e-06 2.31434852e-06 2.27946247e-06 ... 2.41488443e-06
    2.41076677e-06 2.46723188e-06]
   [2.00983341e-06 1.82896269e-06 2.09002619e-06 ... 1.96471812e-06
    2.19740918e-06 2.03655962e-06]
   [1.92208152e-06 1.57542910e-06 1.56033419e-06 ... 1.50730339e-06
    1.52521893e-06 1.65803864e-06]]

  [[6.25444617e-07 6.41624477e-07 6.57366425e-07 ... 1.51170281e-07
    1.62457092e-07 1.61272476e-07]
   [5.43108236e-07 5.25306281e-07 5.35673782e-07 ... 5.68487301e-08
    7.10024659e-08 7.20278886e-08]
   [5.53753954e-07 5.41960318e-07 5.18490263e-07 ... 3.67804794e-07
    3.45023770e-07 3.37855484e-07]
   ...
   [2.27146116e-06 2.21622820e-06 2.14078442e-06 ... 1.76460936e-06
    1.83047027e-06 1.90792246e-06]
   [1.36883941e-06 1.51115534e-06 1.60129984e-06 ... 1.26656284e-06
    8.97905102e-07 8.07175265e-07]
   [7.97087066e-07 1.15856680e-06 1.42735468e-06 ... 9.89574263e-07
    5.36081344e-07 6.01992097e-07]]

  [[2.19307229e-07 2.53272416e-07 2.45238037e-07 ... 1.77606772e-07
    1.66167103e-07 1.64474099e-07]
   [2.54847788e-07 3.10305507e-07 3.19557547e-07 ... 1.30805948e-07
    1.48526985e-07 1.21632638e-07]
   [4.46844499e-07 4.86438787e-07 5.30641173e-07 ... 4.34774380e-07
    4.19901817e-07 4.50300133e-07]
   ...
   [2.95766378e-06 2.96685377e-06 2.95095912e-06 ... 2.99881564e-06
    3.06324911e-06 3.12409181e-06]
   [2.53758268e-06 2.44586902e-06 2.53642291e-06 ... 2.46756789e-06
    2.55995181e-06 2.44599193e-06]
   [2.20121427e-06 2.01137224e-06 2.03481816e-06 ... 2.02265163e-06
    1.93897828e-06 1.99510797e-06]]

  ...

  [[1.24731888e-06 1.24018492e-06 1.33999192e-06 ... 2.32832115e-07
    2.07308446e-07 2.50594645e-07]
   [1.75666116e-06 1.82991003e-06 1.86796142e-06 ... 7.86740547e-07
    6.88715948e-07 6.94911739e-07]
   [1.57109958e-06 1.56680445e-06 1.54344970e-06 ... 9.94734482e-07
    9.44060265e-07 8.70353108e-07]
   ...
   [5.25357258e-06 5.36095664e-06 5.22890835e-06 ... 4.87248584e-06
    4.72527581e-06 4.86320157e-06]
   [5.65125398e-06 5.33955136e-06 5.08869119e-06 ... 5.09233542e-06
    5.02875717e-06 5.29447764e-06]
   [5.66728274e-06 5.57809661e-06 5.45930182e-06 ... 5.06830007e-06
    4.84335479e-06 5.08945721e-06]]

  [[8.42446990e-07 7.86761727e-07 9.01215352e-07 ... 3.13553545e-07
    3.61630082e-07 2.79110572e-07]
   [1.42601576e-06 1.45136973e-06 1.42666345e-06 ... 4.75198180e-07
    4.39160413e-07 3.95515158e-07]
   [1.63152103e-06 1.66012063e-06 1.65821724e-06 ... 7.79329963e-07
    7.21920294e-07 6.97033783e-07]
   ...
   [1.02709165e-05 1.04052845e-05 1.01460208e-05 ... 1.00434470e-05
    9.82942673e-06 1.00049336e-05]
   [9.81823192e-06 9.32925710e-06 9.41972487e-06 ... 9.22803036e-06
    9.47079153e-06 9.67216271e-06]
   [9.21075869e-06 8.93275842e-06 9.18608545e-06 ... 9.18761351e-06
    8.83783995e-06 9.06931643e-06]]

  [[1.15683804e-06 1.13738316e-06 1.26312403e-06 ... 1.26550502e-07
    1.45606967e-07 1.26704239e-07]
   [1.62907597e-06 1.68884603e-06 1.71075058e-06 ... 3.93521509e-07
    3.10048636e-07 3.31945596e-07]
   [1.55550762e-06 1.56598435e-06 1.53227130e-06 ... 6.61578659e-07
    6.30750160e-07 5.67645569e-07]
   ...
   [6.23077637e-06 6.34054186e-06 6.16135886e-06 ... 5.78642829e-06
    5.62792172e-06 5.74754014e-06]
   [6.38765496e-06 5.96962799e-06 5.71929701e-06 ... 5.66281970e-06
    5.75271000e-06 6.06916790e-06]
   [6.30250626e-06 6.24386443e-06 6.22182521e-06 ... 5.61876766e-06
    5.30899546e-06 5.69667849e-06]]]


 ...


 [[[2.06172634e-06 2.00175388e-06 1.96290090e-06 ... 8.17370122e-07
    7.75178576e-07 7.87837998e-07]
   [2.44316603e-06 2.51823646e-06 2.41758831e-06 ... 1.12728767e-06
    1.13540281e-06 1.10483135e-06]
   [2.43252414e-06 2.38683096e-06 2.42956458e-06 ... 1.63520380e-06
    1.63244869e-06 1.56388103e-06]
   ...
   [3.11706555e-06 3.06357155e-06 3.13375984e-06 ... 3.07082856e-06
    3.26440025e-06 3.40200554e-06]
   [3.09839586e-06 2.92281421e-06 3.20140274e-06 ... 2.97292943e-06
    3.35937738e-06 3.12826388e-06]
   [2.74508781e-06 2.64667814e-06 3.16975294e-06 ... 2.89561622e-06
    2.71832506e-06 3.24600020e-06]]

  [[1.74688417e-06 1.71408628e-06 1.72979331e-06 ... 1.03008668e-06
    9.36355777e-07 9.16019073e-07]
   [2.10590817e-06 2.18331234e-06 2.12018770e-06 ... 1.08456124e-06
    1.10782861e-06 1.10013268e-06]
   [1.94963184e-06 1.92044180e-06 1.95185805e-06 ... 1.72725937e-06
    1.73147349e-06 1.67228034e-06]
   ...
   [3.00020126e-06 2.74108781e-06 3.02755785e-06 ... 2.99092611e-06
    3.29348304e-06 3.12820400e-06]
   [2.85547834e-06 2.66857889e-06 2.53969885e-06 ... 3.04620836e-06
    3.23806027e-06 3.09731352e-06]
   [2.81123402e-06 2.69362733e-06 2.54599222e-06 ... 2.45336237e-06
    2.76823127e-06 2.99761289e-06]]

  [[2.11809196e-06 2.06557204e-06 2.04401339e-06 ... 1.05095369e-06
    9.95875957e-07 9.90623436e-07]
   [2.44093948e-06 2.52026439e-06 2.40909083e-06 ... 1.25390727e-06
    1.26083643e-06 1.23976913e-06]
   [2.30850391e-06 2.24703038e-06 2.27988574e-06 ... 1.60410287e-06
    1.63023357e-06 1.57254868e-06]
   ...
   [5.27967777e-06 5.04211869e-06 5.33802375e-06 ... 5.02930240e-06
    5.38815507e-06 5.30500250e-06]
   [4.81296412e-06 4.57859805e-06 4.50826189e-06 ... 4.72306168e-06
    5.15846441e-06 4.98032770e-06]
   [4.33649902e-06 4.28312196e-06 4.26510858e-06 ... 3.85685856e-06
    4.10458068e-06 4.54094778e-06]]

  ...

  [[3.12291443e-06 3.16973228e-06 2.95962179e-06 ... 5.83008633e-07
    7.61988015e-07 7.11260479e-07]
   [2.79403389e-06 2.98591352e-06 2.75688951e-06 ... 1.20461778e-06
    1.30249916e-06 1.15791299e-06]
   [1.43441694e-06 1.27054408e-06 1.41074332e-06 ... 2.23196096e-06
    2.27499593e-06 2.33393276e-06]
   ...
   [1.99309318e-06 2.33967358e-06 1.74811355e-06 ... 2.51666451e-06
    2.07788664e-06 1.90582892e-06]
   [1.96441685e-06 1.82248943e-06 9.00756146e-07 ... 9.50506236e-07
    1.22674838e-06 1.27702634e-06]
   [2.27647034e-06 3.50220298e-06 2.92999730e-06 ... 1.52395810e-06
    1.34937077e-06 1.35063906e-06]]

  [[1.10328482e-06 1.25699439e-06 1.20791284e-06 ... 2.08359528e-07
    2.46727035e-07 3.38949860e-07]
   [8.10495437e-07 8.56200200e-07 8.44723630e-07 ... 8.22791081e-07
    7.94805138e-07 7.26920382e-07]
   [1.27704609e-06 1.24769070e-06 1.07237741e-06 ... 1.27867897e-06
    1.28472391e-06 1.22979529e-06]
   ...
   [3.51058199e-06 3.34615908e-06 3.21805538e-06 ... 3.70115947e-06
    3.53413281e-06 3.29122426e-06]
   [3.37158295e-06 3.35098521e-06 3.09119867e-06 ... 1.70715995e-06
    2.13829322e-06 3.10973803e-06]
   [3.32519906e-06 4.77069844e-06 5.04792277e-06 ... 2.60040240e-06
    1.68255394e-06 2.01461044e-06]]

  [[2.31849510e-06 2.40307518e-06 2.26605176e-06 ... 4.06597682e-07
    5.10893799e-07 5.41555201e-07]
   [2.31297731e-06 2.51650948e-06 2.37731967e-06 ... 1.20494728e-06
    1.25548769e-06 1.15094151e-06]
   [1.20623845e-06 1.17329807e-06 1.39857120e-06 ... 2.34666622e-06
    2.33447893e-06 2.31473834e-06]
   ...
   [2.57085278e-06 2.55104849e-06 2.23677725e-06 ... 2.85632646e-06
    2.60801235e-06 2.36867948e-06]
   [2.56673081e-06 2.33889423e-06 1.58596025e-06 ... 1.20486281e-06
    1.32453381e-06 1.87235149e-06]
   [2.72075986e-06 3.93292263e-06 3.61607973e-06 ... 1.46940196e-06
    1.10821558e-06 1.50251499e-06]]]


 [[[4.22539456e-07 3.88568741e-07 3.99201329e-07 ... 7.93494665e-07
    8.09243348e-07 7.71778639e-07]
   [2.85657172e-07 2.93065905e-07 2.54640972e-07 ... 1.16762114e-06
    1.14580020e-06 1.12436896e-06]
   [2.47422036e-07 2.97564522e-07 3.31719162e-07 ... 1.52428707e-06
    1.51083102e-06 1.53264929e-06]
   ...
   [7.64131022e-07 8.74393663e-07 1.02963938e-06 ... 1.10746399e-06
    1.11026096e-06 1.04125096e-06]
   [5.65312317e-07 6.30307528e-07 1.29983543e-06 ... 1.41477759e-06
    1.79240209e-06 1.73481638e-06]
   [1.34365354e-06 5.29079493e-07 4.39736788e-07 ... 1.42845481e-06
    1.61184938e-06 2.01607088e-06]]

  [[3.49797046e-07 3.62672210e-07 4.05625740e-07 ... 7.95225098e-07
    7.84038982e-07 7.33100386e-07]
   [1.94596910e-07 1.59397859e-07 1.27746048e-07 ... 1.33900483e-06
    1.28396563e-06 1.22325753e-06]
   [4.08897226e-07 4.44333105e-07 4.73146799e-07 ... 1.44141745e-06
    1.43434547e-06 1.43397022e-06]
   ...
   [2.08740020e-06 2.12728429e-06 2.31758582e-06 ... 2.18726928e-06
    2.25017015e-06 2.18592883e-06]
   [2.03832786e-06 2.41869915e-06 3.07960813e-06 ... 1.92633120e-06
    1.77563375e-06 1.83803831e-06]
   [1.14290303e-06 1.63513559e-06 2.51159275e-06 ... 2.89101809e-06
    2.04339988e-06 1.14532578e-06]]

  [[6.91303495e-07 6.71632792e-07 6.72257984e-07 ... 8.05112497e-07
    7.99532487e-07 7.65240124e-07]
   [4.75201625e-07 4.74494204e-07 4.37799563e-07 ... 1.37445481e-06
    1.33461101e-06 1.30525111e-06]
   [4.13046327e-07 4.53118219e-07 4.75218775e-07 ... 1.80119264e-06
    1.77894313e-06 1.78960558e-06]
   ...
   [1.16546994e-06 1.00577905e-06 1.23773375e-06 ... 9.84413303e-07
    1.19797093e-06 1.02890034e-06]
   [1.15617257e-06 1.65389064e-06 1.93961774e-06 ... 7.47585421e-07
    5.55899434e-07 7.16652774e-07]
   [6.14340598e-07 1.05493350e-06 1.44358574e-06 ... 1.72400903e-06
    8.07941886e-07 8.67291424e-07]]

  ...

  [[1.81840426e-06 1.78408179e-06 1.70043169e-06 ... 1.05474781e-06
    1.06752171e-06 9.43416968e-07]
   [2.13870428e-06 2.23103934e-06 2.21920065e-06 ... 7.31545032e-07
    6.24694464e-07 4.62324100e-07]
   [1.83837327e-06 1.90874334e-06 1.99517435e-06 ... 1.93756372e-06
    1.78261348e-06 1.72608978e-06]
   ...
   [5.34675791e-06 5.88961544e-06 5.33737217e-06 ... 5.32746200e-06
    4.91886497e-06 5.55932333e-06]
   [6.20116229e-06 5.55126446e-06 5.22856209e-06 ... 4.01161247e-06
    5.02375812e-06 5.33512194e-06]
   [5.37042396e-06 5.30004905e-06 5.76707598e-06 ... 4.95964392e-06
    4.65021164e-06 5.78707545e-06]]

  [[2.72176435e-06 2.87421494e-06 2.77216667e-06 ... 1.07968154e-06
    9.88468773e-07 1.07270697e-06]
   [3.14092573e-06 3.23159877e-06 3.14762567e-06 ... 5.58561295e-07
    3.87119960e-07 4.42228019e-07]
   [3.19512662e-06 3.17106731e-06 3.22992803e-06 ... 1.40039684e-06
    1.30045675e-06 1.36615875e-06]
   ...
   [1.10842857e-05 1.20853140e-05 1.12038848e-05 ... 1.14873599e-05
    1.04725282e-05 1.13424524e-05]
   [1.03081683e-05 1.05660092e-05 1.15409303e-05 ... 9.69940907e-06
    1.04606280e-05 1.08388567e-05]
   [8.62159337e-06 9.12578243e-06 1.08892792e-05 ... 9.34681453e-06
    7.74496790e-06 9.01035536e-06]]

  [[2.03523807e-06 2.13245520e-06 2.06031307e-06 ... 7.70282575e-07
    7.58359142e-07 7.72468862e-07]
   [2.39048535e-06 2.47966139e-06 2.44510822e-06 ... 1.73245096e-07
    1.09106948e-07 7.76371211e-09]
   [2.09422930e-06 2.10320220e-06 2.14326984e-06 ... 1.82553791e-06
    1.73201726e-06 1.76770297e-06]
   ...
   [6.60076440e-06 7.38250206e-06 6.61622227e-06 ... 6.92818319e-06
    6.16913831e-06 6.89373630e-06]
   [6.61826803e-06 6.77038474e-06 7.21951671e-06 ... 5.40664203e-06
    6.14494109e-06 6.60115840e-06]
   [5.34845492e-06 5.86800235e-06 7.06157562e-06 ... 5.45864407e-06
    4.48981078e-06 5.88163719e-06]]]


 [[[2.88800462e-07 3.02338459e-07 2.30829940e-07 ... 7.04095463e-07
    6.76286923e-07 6.48430544e-07]
   [4.65228570e-07 4.41946538e-07 4.82653026e-07 ... 2.84157777e-07
    2.59510301e-07 2.91828924e-07]
   [9.43652599e-07 9.79311016e-07 9.91468086e-07 ... 9.50375999e-07
    9.15989969e-07 9.17362521e-07]
   ...
   [2.94371292e-06 2.93919328e-06 3.17534444e-06 ... 3.03793559e-06
    2.95249329e-06 2.74297340e-06]
   [3.01470847e-06 2.63077350e-06 2.45037246e-06 ... 3.15759543e-06
    3.37478413e-06 2.94704188e-06]
   [3.18962624e-06 1.90714200e-06 1.04903296e-06 ... 2.29329865e-06
    3.43320318e-06 3.86727165e-06]]

  [[3.14059041e-07 3.30592151e-07 3.06091900e-07 ... 2.18039687e-08
    3.20423828e-08 4.87889962e-08]
   [6.68728263e-07 6.53190096e-07 6.62336080e-07 ... 5.52220856e-07
    5.41857576e-07 5.18062484e-07]
   [1.26714331e-06 1.31564034e-06 1.37028595e-06 ... 1.23957283e-06
    1.14973462e-06 1.04631163e-06]
   ...
   [2.13237133e-06 2.04242272e-06 2.21056040e-06 ... 2.12642769e-06
    1.99914887e-06 1.81388838e-06]
   [1.78979899e-06 1.45921256e-06 1.07230036e-06 ... 1.56235499e-06
    1.84073920e-06 1.66869919e-06]
   [1.66338518e-06 5.73423372e-07 5.00704986e-07 ... 1.07631374e-06
    1.56938822e-06 2.19080467e-06]]

  [[4.45428754e-07 4.61172983e-07 4.06999092e-07 ... 8.77927549e-07
    8.76965608e-07 8.44532550e-07]
   [8.01042107e-07 7.84306707e-07 8.31979155e-07 ... 3.82110413e-07
    3.90370996e-07 4.33685322e-07]
   [1.40700391e-06 1.46323280e-06 1.51260952e-06 ... 1.23736301e-06
    1.20178090e-06 1.22247437e-06]
   ...
   [4.31029058e-06 4.26055846e-06 4.53885166e-06 ... 4.34116016e-06
    4.32973983e-06 4.09668105e-06]
   [4.21357336e-06 3.81391653e-06 3.63357342e-06 ... 4.34459563e-06
    4.55036118e-06 4.05910275e-06]
   [4.32822278e-06 2.95721417e-06 1.94422969e-06 ... 3.36932037e-06
    4.67181593e-06 5.09240997e-06]]

  ...

  [[1.34798326e-06 1.40038456e-06 1.39055523e-06 ... 7.72075640e-07
    6.45473947e-07 6.79632049e-07]
   [1.67719878e-06 1.83935299e-06 1.84018651e-06 ... 2.61988873e-07
    2.56085342e-07 1.82934461e-07]
   [2.53598701e-06 2.61399880e-06 2.69001918e-06 ... 2.64093339e-06
    2.50228215e-06 2.32352801e-06]
   ...
   [1.47251712e-06 1.59447062e-06 1.66795187e-06 ... 9.72376561e-07
    1.08756903e-06 1.28724253e-06]
   [7.59984108e-07 9.58258832e-07 1.93774216e-06 ... 1.00724526e-06
    7.23953348e-07 2.93913388e-08]
   [2.12582031e-06 1.68381444e-06 1.78117257e-06 ... 1.18245467e-06
    1.73571005e-07 1.41451477e-06]]

  [[9.00439102e-07 8.79228777e-07 7.79207089e-07 ... 9.49634131e-08
    1.08303647e-07 1.65168517e-07]
   [1.65701509e-06 1.72377789e-06 1.60408498e-06 ... 5.53417813e-07
    4.09208282e-07 4.41248878e-07]
   [2.67317534e-06 2.64800022e-06 2.70467526e-06 ... 1.75880369e-06
    1.57273655e-06 1.35549100e-06]
   ...
   [1.54189211e-06 1.54838894e-06 1.93332078e-06 ... 9.28823119e-07
    1.07718242e-06 9.47661578e-07]
   [1.67565671e-06 2.51411501e-06 2.55337936e-06 ... 8.80094339e-07
    1.25505325e-06 1.08168638e-06]
   [6.88656348e-07 1.56985536e-06 1.91008425e-06 ... 1.60887999e-06
    1.13813459e-06 8.07222077e-07]]

  [[6.25540928e-07 6.89769169e-07 6.85276878e-07 ... 1.38794593e-07
    2.01365628e-07 1.08881410e-07]
   [1.33875641e-06 1.46602567e-06 1.45506929e-06 ... 5.44325535e-07
    4.17879214e-07 4.18293401e-07]
   [2.29239916e-06 2.31557145e-06 2.35852615e-06 ... 2.11350595e-06
    1.93507721e-06 1.71895488e-06]
   ...
   [3.93543685e-06 4.10946430e-06 4.25264441e-06 ... 3.64995806e-06
    3.79728943e-06 4.00494940e-06]
   [1.86007182e-06 2.58623240e-06 3.34851474e-06 ... 4.23698585e-06
    4.56043055e-06 3.91728043e-06]
   [2.13603578e-06 1.72278629e-06 2.09296389e-06 ... 2.93765520e-06
    2.44850970e-06 2.16916501e-06]]]]"
14,1,post,"[[[[5.66548938e-07 6.21101665e-07 5.68041338e-07 ... 2.65910469e-07
    2.89175291e-07 2.96382508e-07]
   [5.19413024e-07 5.23916859e-07 5.56025669e-07 ... 5.18485620e-07
    4.90164784e-07 4.84858512e-07]
   [5.01726281e-07 5.24196675e-07 5.62378823e-07 ... 6.33974577e-07
    5.95052651e-07 5.33790488e-07]
   ...
   [6.32649954e-06 6.24853472e-06 6.28794919e-06 ... 5.81125013e-06
    5.87883058e-06 5.82219411e-06]
   [5.29561729e-06 5.40237204e-06 5.47848034e-06 ... 5.42046351e-06
    5.46440013e-06 5.38208078e-06]
   [4.50582429e-06 4.78417212e-06 5.09765021e-06 ... 5.08160959e-06
    4.91481077e-06 4.75438623e-06]]

  [[7.57532148e-07 7.51094459e-07 7.26409527e-07 ... 7.16347780e-07
    6.47888120e-07 6.10217635e-07]
   [9.69383492e-07 1.03486133e-06 1.08047972e-06 ... 8.35658699e-07
    8.10791143e-07 7.79021341e-07]
   [6.62003948e-07 7.16946835e-07 7.68735423e-07 ... 1.01984262e-06
    1.01812721e-06 9.90101002e-07]
   ...
   [7.61551830e-06 7.63350431e-06 7.56415055e-06 ... 7.29990535e-06
    7.21740062e-06 7.24675289e-06]
   [7.12015008e-06 7.23639022e-06 7.42462319e-06 ... 7.37479078e-06
    7.37484674e-06 7.05671926e-06]
   [6.50113356e-06 6.50823421e-06 6.99952578e-06 ... 7.45518277e-06
    7.07284059e-06 6.82062292e-06]]

  [[6.25023344e-07 6.83135297e-07 6.45775825e-07 ... 3.11800253e-07
    3.54321466e-07 3.60681374e-07]
   [5.88603264e-07 5.90998021e-07 6.29884055e-07 ... 5.65982025e-07
    5.50407187e-07 5.52208458e-07]
   [4.46748010e-07 4.63172732e-07 4.94631952e-07 ... 5.62250182e-07
    5.36926865e-07 4.67951505e-07]
   ...
   [5.76397428e-06 5.63207845e-06 5.68837714e-06 ... 5.14321571e-06
    5.23830821e-06 5.11361791e-06]
   [4.23962092e-06 4.37535785e-06 4.44668463e-06 ... 4.38430132e-06
    4.49693927e-06 4.48356235e-06]
   [3.33513926e-06 3.77226632e-06 3.95718994e-06 ... 4.03299334e-06
    3.76380702e-06 3.50335091e-06]]

  ...

  [[2.05324520e-07 2.17174857e-07 2.29960471e-07 ... 3.37558210e-07
    3.58717237e-07 3.67015684e-07]
   [5.84645711e-08 1.09804326e-07 1.34594430e-07 ... 6.57950853e-07
    6.30232335e-07 6.31353875e-07]
   [7.25535393e-07 7.34932605e-07 7.48587097e-07 ... 1.24575317e-06
    1.26263067e-06 1.20791110e-06]
   ...
   [1.38600245e-05 1.38051032e-05 1.38685223e-05 ... 1.40251374e-05
    1.39552896e-05 1.37618601e-05]
   [1.44783622e-05 1.44961743e-05 1.42983849e-05 ... 1.34209785e-05
    1.36245813e-05 1.38469830e-05]
   [1.38874385e-05 1.39735558e-05 1.35375475e-05 ... 1.28066269e-05
    1.28793097e-05 1.32736032e-05]]

  [[9.52415648e-08 1.03202903e-07 9.91245941e-08 ... 5.16213273e-07
    5.19721678e-07 5.51335436e-07]
   [2.58710010e-07 2.99568969e-07 3.57826809e-07 ... 5.42815564e-07
    5.29848136e-07 5.68283361e-07]
   [1.10160893e-06 1.14283187e-06 1.16552989e-06 ... 8.23833403e-07
    8.61536401e-07 7.94863008e-07]
   ...
   [1.59053139e-05 1.58088667e-05 1.59273492e-05 ... 1.60598191e-05
    1.60323975e-05 1.57645556e-05]
   [1.63026928e-05 1.62668812e-05 1.62441376e-05 ... 1.52169394e-05
    1.55482001e-05 1.58254154e-05]
   [1.57151724e-05 1.58147727e-05 1.56201707e-05 ... 1.48062588e-05
    1.47144485e-05 1.50852207e-05]]

  [[4.78058108e-07 5.14540803e-07 5.29130099e-07 ... 4.36204267e-07
    4.41116696e-07 4.34007171e-07]
   [4.03519426e-07 4.25567674e-07 3.42027829e-07 ... 3.72865416e-07
    3.16798953e-07 3.41249266e-07]
   [2.96303665e-07 2.60087403e-07 2.52701305e-07 ... 9.00363010e-07
    9.39761206e-07 8.82886648e-07]
   ...
   [1.26481208e-05 1.25497354e-05 1.26774049e-05 ... 1.27521313e-05
    1.27461684e-05 1.24926758e-05]
   [1.32367342e-05 1.32536729e-05 1.31647761e-05 ... 1.23475698e-05
    1.25908085e-05 1.28052351e-05]
   [1.28775230e-05 1.29277005e-05 1.24993426e-05 ... 1.18634685e-05
    1.19850354e-05 1.22906804e-05]]]


 [[[6.05846760e-07 6.50144862e-07 6.42524717e-07 ... 3.61946693e-07
    2.70220155e-07 2.61457144e-07]
   [7.39182207e-07 7.72747761e-07 7.99785043e-07 ... 7.68740456e-07
    6.96888399e-07 6.06486457e-07]
   [6.69192386e-07 6.87726723e-07 6.85726400e-07 ... 1.29138687e-06
    1.21207709e-06 1.16974779e-06]
   ...
   [6.33482482e-06 6.42626588e-06 6.29791277e-06 ... 6.23443674e-06
    6.16505322e-06 6.24972017e-06]
   [5.53187242e-06 5.45086381e-06 5.54972974e-06 ... 5.14126211e-06
    5.12708028e-06 5.29619784e-06]
   [4.64196632e-06 4.84063803e-06 4.84123906e-06 ... 5.20094515e-06
    4.92235775e-06 4.61184219e-06]]

  [[1.10054571e-06 1.14237770e-06 1.08148273e-06 ... 3.28538674e-07
    2.32647492e-07 2.09500762e-07]
   [9.62902003e-07 9.79048460e-07 9.90934462e-07 ... 8.44974281e-07
    7.58751787e-07 6.64451090e-07]
   [5.55279471e-07 5.04133292e-07 4.45948605e-07 ... 1.52404100e-06
    1.41940456e-06 1.33151351e-06]
   ...
   [5.34165085e-06 5.69621348e-06 5.34580158e-06 ... 4.85507754e-06
    4.56900237e-06 4.74356479e-06]
   [4.89084470e-06 4.54575573e-06 4.75494130e-06 ... 4.72831454e-06
    4.75490149e-06 4.08745787e-06]
   [4.47250126e-06 3.80031701e-06 4.34713153e-06 ... 4.66810639e-06
    4.90285042e-06 5.07929817e-06]]

  [[5.74417099e-07 6.11608915e-07 5.78457504e-07 ... 5.05120161e-07
    4.03594686e-07 4.04332314e-07]
   [5.97234233e-07 6.15682879e-07 6.20090553e-07 ... 7.18726268e-07
    6.40319339e-07 5.30148034e-07]
   [4.91368598e-07 5.01768125e-07 4.99026241e-07 ... 1.21948866e-06
    1.14419461e-06 1.11485535e-06]
   ...
   [8.03884625e-06 8.17634320e-06 8.02413681e-06 ... 7.91503805e-06
    7.81451301e-06 7.89469153e-06]
   [6.89738643e-06 6.72792090e-06 6.80668309e-06 ... 6.72802369e-06
    6.72267295e-06 6.66375917e-06]
   [5.71967216e-06 5.84146714e-06 5.78695455e-06 ... 6.25618834e-06
    6.15069110e-06 5.82176773e-06]]

  ...

  [[6.77859917e-07 6.91667075e-07 7.35409343e-07 ... 5.75268856e-07
    6.69614195e-07 6.72699849e-07]
   [7.86901144e-08 1.07499475e-07 1.31532993e-07 ... 7.23033464e-07
    7.96223154e-07 7.41389971e-07]
   [7.52667281e-07 7.87893399e-07 8.33002518e-07 ... 1.61050447e-06
    1.52708015e-06 1.52450772e-06]
   ...
   [8.17905579e-06 8.45440558e-06 8.17765181e-06 ... 8.03466797e-06
    7.82191171e-06 8.18465099e-06]
   [7.78241354e-06 7.98995205e-06 8.54780913e-06 ... 7.27300249e-06
    7.39255809e-06 7.42020810e-06]
   [6.85712611e-06 7.25792332e-06 7.83068008e-06 ... 7.17806691e-06
    6.29252184e-06 6.48462121e-06]]

  [[3.50654257e-07 3.83529559e-07 5.08938689e-07 ... 1.15404756e-06
    1.12416509e-06 1.16489356e-06]
   [5.37064466e-07 6.32691660e-07 7.00292261e-07 ... 6.64833337e-07
    7.32753696e-07 8.02964810e-07]
   [7.10463860e-07 7.46476843e-07 7.94895758e-07 ... 1.88308683e-06
    1.87262084e-06 1.87388542e-06]
   ...
   [4.57718676e-06 4.67271714e-06 4.72205790e-06 ... 4.80179857e-06
    4.92093333e-06 5.12745361e-06]
   [5.50814848e-06 5.49102870e-06 5.94982207e-06 ... 4.63007764e-06
    4.47845194e-06 4.58343896e-06]
   [4.75413153e-06 5.47063090e-06 5.58359361e-06 ... 5.79867203e-06
    4.92904857e-06 4.22440521e-06]]

  [[5.13664687e-07 5.14647477e-07 5.86086330e-07 ... 6.72161101e-07
    6.75791962e-07 7.41350394e-07]
   [3.64473987e-07 4.60287657e-07 4.91026686e-07 ... 7.96309992e-07
    8.49090830e-07 8.14478774e-07]
   [1.05136034e-06 1.08948914e-06 1.16363103e-06 ... 2.23657581e-06
    2.16755609e-06 2.14899450e-06]
   ...
   [5.23766454e-06 5.42993436e-06 5.29314254e-06 ... 5.17097862e-06
    5.14796533e-06 5.54189066e-06]
   [5.65139425e-06 5.81673868e-06 6.37611306e-06 ... 4.48209004e-06
    4.26159688e-06 4.47128509e-06]
   [4.50158420e-06 5.48656821e-06 6.06170015e-06 ... 5.81531969e-06
    4.24498241e-06 3.60677694e-06]]]


 [[[1.96094934e-07 1.95888231e-07 1.21704474e-07 ... 9.28707468e-07
    9.50760486e-07 9.18677844e-07]
   [6.18477057e-07 6.35824240e-07 7.27343991e-07 ... 1.41320903e-06
    1.40105810e-06 1.30981482e-06]
   [1.18669002e-06 1.25387094e-06 1.28391279e-06 ... 1.25684716e-06
    1.18263090e-06 1.14397663e-06]
   ...
   [1.20053374e-05 1.20210466e-05 1.20308779e-05 ... 1.18242109e-05
    1.18213832e-05 1.18551074e-05]
   [1.15225094e-05 1.14731383e-05 1.12669244e-05 ... 1.14521592e-05
    1.11917205e-05 1.10336653e-05]
   [1.03827291e-05 1.03420659e-05 1.01904752e-05 ... 1.04201754e-05
    1.04612934e-05 1.03096049e-05]]

  [[1.69969545e-07 1.90642186e-07 9.00796390e-08 ... 9.11070441e-07
    9.51062343e-07 9.71903987e-07]
   [6.37793734e-07 6.23939739e-07 7.50585312e-07 ... 1.46872564e-06
    1.47377421e-06 1.41098270e-06]
   [1.42512220e-06 1.49086839e-06 1.49877341e-06 ... 1.72600353e-06
    1.65110979e-06 1.55600996e-06]
   ...
   [1.20156736e-05 1.19718957e-05 1.20457754e-05 ... 1.19147407e-05
    1.19931488e-05 1.19640900e-05]
   [1.11008834e-05 1.09174394e-05 1.08962615e-05 ... 1.10895974e-05
    1.08905770e-05 1.06105937e-05]
   [9.51005013e-06 9.60747876e-06 9.46044235e-06 ... 9.77978527e-06
    9.86415620e-06 9.52790856e-06]]

  [[3.05185468e-07 3.11970936e-07 2.22412467e-07 ... 1.13467665e-06
    1.15569652e-06 1.13527214e-06]
   [1.00254392e-06 1.03048246e-06 1.13023820e-06 ... 1.67247274e-06
    1.66098422e-06 1.56718884e-06]
   [1.56222354e-06 1.64090230e-06 1.68098450e-06 ... 1.53106187e-06
    1.45357453e-06 1.39070458e-06]
   ...
   [1.36685954e-05 1.36797639e-05 1.36507085e-05 ... 1.34301968e-05
    1.34439916e-05 1.34933814e-05]
   [1.27942782e-05 1.26229772e-05 1.24518154e-05 ... 1.26427044e-05
    1.23789021e-05 1.21580901e-05]
   [1.13211935e-05 1.13178096e-05 1.11188154e-05 ... 1.12195290e-05
    1.13705653e-05 1.11940516e-05]]

  ...

  [[6.28524244e-07 6.98372138e-07 8.04108389e-07 ... 4.54138410e-07
    4.08682775e-07 4.40811128e-07]
   [4.29947743e-07 5.82997713e-07 5.82025849e-07 ... 5.92412329e-07
    5.38491472e-07 5.26307486e-07]
   [1.06337817e-06 1.12781501e-06 1.18761461e-06 ... 2.32540531e-07
    2.46201933e-07 2.35315102e-07]
   ...
   [1.30217094e-06 1.36061894e-06 1.37057979e-06 ... 1.54076567e-06
    1.62526861e-06 1.58963907e-06]
   [2.07968790e-06 2.16406117e-06 2.90462050e-06 ... 2.04381109e-06
    2.16010359e-06 2.25494446e-06]
   [2.21571388e-06 2.63372622e-06 3.40782786e-06 ... 3.33871268e-06
    2.95354143e-06 2.66398661e-06]]

  [[4.10892034e-07 4.82019367e-07 5.68544649e-07 ... 7.97803669e-07
    7.91704687e-07 8.34025808e-07]
   [4.53901402e-07 5.89512810e-07 6.03530531e-07 ... 1.18966045e-06
    1.20784276e-06 1.16944923e-06]
   [1.03570553e-06 1.09044103e-06 1.14389524e-06 ... 1.29031856e-06
    1.28057930e-06 1.28790031e-06]
   ...
   [4.30484330e-06 4.54248862e-06 4.48878814e-06 ... 4.79440841e-06
    4.67429700e-06 4.79458338e-06]
   [3.51602124e-06 2.97590746e-06 2.60551275e-06 ... 3.93661507e-06
    4.44270810e-06 4.48765861e-06]
   [3.32813332e-06 2.94167992e-06 2.65163942e-06 ... 3.40700099e-06
    3.88252745e-06 4.24178931e-06]]

  [[1.11907502e-06 1.21190912e-06 1.37102190e-06 ... 4.74703864e-07
    4.33451077e-07 4.81552240e-07]
   [7.76027300e-07 8.88351427e-07 9.82101876e-07 ... 7.42757091e-07
    7.01491405e-07 6.88600150e-07]
   [7.40951509e-07 7.94453883e-07 9.17391411e-07 ... 4.90103733e-07
    4.89626173e-07 4.69712381e-07]
   ...
   [2.10750266e-06 2.23637803e-06 2.23811081e-06 ... 2.44289389e-06
    2.38458832e-06 2.43792727e-06]
   [1.79700668e-06 1.18276621e-06 8.08341761e-07 ... 2.10213776e-06
    2.56997371e-06 2.53070783e-06]
   [2.22280494e-06 1.84109432e-06 1.38691142e-06 ... 1.92452350e-06
    2.50886663e-06 2.74717160e-06]]]


 ...


 [[[4.67325739e-07 4.57640478e-07 3.72199228e-07 ... 7.86316759e-08
    1.24003738e-07 1.08919610e-07]
   [5.95941209e-07 6.01228730e-07 5.36104937e-07 ... 1.01350302e-07
    4.61339122e-08 4.95351512e-08]
   [1.33002112e-06 1.33826352e-06 1.36930608e-06 ... 1.94181829e-07
    1.73411843e-07 1.54035364e-07]
   ...
   [1.54998642e-06 1.80780780e-06 1.52530004e-06 ... 1.81987958e-06
    1.56583030e-06 1.81490056e-06]
   [1.06668603e-06 9.12109376e-07 1.09154525e-06 ... 1.27316086e-06
    1.41923292e-06 1.38273343e-06]
   [1.21010247e-06 1.04921974e-06 9.41131352e-07 ... 1.03189672e-06
    1.15546150e-06 1.36521501e-06]]

  [[5.24761357e-07 5.24188267e-07 4.79057297e-07 ... 1.84299965e-07
    2.52608059e-07 2.14372680e-07]
   [2.84141474e-07 2.42079005e-07 1.45210959e-07 ... 4.55144504e-07
    4.70391875e-07 3.90371117e-07]
   [1.04940468e-06 1.05452243e-06 1.09235575e-06 ... 8.55249971e-07
    8.11186639e-07 7.76475949e-07]
   ...
   [3.93396953e-06 4.03999803e-06 3.95298104e-06 ... 4.11753969e-06
    4.02396565e-06 4.05652112e-06]
   [3.64848300e-06 3.42941366e-06 3.56979459e-06 ... 3.61359269e-06
    3.74025670e-06 3.60877614e-06]
   [3.13871236e-06 3.24500653e-06 3.39434279e-06 ... 3.18235490e-06
    3.04371706e-06 3.26942398e-06]]

  [[5.84889743e-07 5.82488541e-07 4.73352886e-07 ... 2.08819576e-07
    2.62544482e-07 2.38767748e-07]
   [7.56745429e-07 7.45565916e-07 6.71334569e-07 ... 1.75886418e-07
    2.15797022e-07 1.60154658e-07]
   [1.50020229e-06 1.50950436e-06 1.53245349e-06 ... 4.09038074e-07
    3.75959942e-07 3.62514835e-07]
   ...
   [3.69178522e-06 4.01589127e-06 3.70394431e-06 ... 3.95735872e-06
    3.67132530e-06 3.94807958e-06]
   [3.17028583e-06 2.98715365e-06 3.18536526e-06 ... 3.25170331e-06
    3.50355065e-06 3.45134158e-06]
   [3.12913168e-06 2.97760710e-06 2.83011139e-06 ... 2.88932804e-06
    3.01569581e-06 3.30467963e-06]]

  ...

  [[6.52520770e-07 6.48748337e-07 7.63076379e-07 ... 5.72522829e-07
    5.86202316e-07 5.59379259e-07]
   [8.74039222e-07 8.68083559e-07 9.95753730e-07 ... 1.41365655e-06
    1.37893591e-06 1.33726236e-06]
   [9.34004966e-07 9.67304059e-07 9.50358720e-07 ... 2.58864836e-06
    2.44484630e-06 2.30503702e-06]
   ...
   [7.47648347e-06 7.63234191e-06 7.72222298e-06 ... 7.68558298e-06
    7.74548571e-06 7.85993626e-06]
   [7.55463481e-06 7.47169953e-06 7.29929773e-06 ... 7.50658062e-06
    7.81504517e-06 7.81990790e-06]
   [6.66286216e-06 7.15777400e-06 7.41268584e-06 ... 7.01420815e-06
    7.00179169e-06 7.00956001e-06]]

  [[7.32447107e-07 7.49144453e-07 8.70881791e-07 ... 1.33837525e-06
    1.46670405e-06 1.48149189e-06]
   [1.04435408e-06 1.04612923e-06 1.16886520e-06 ... 1.75855147e-06
    1.80330002e-06 1.70982794e-06]
   [1.14170673e-06 1.19235206e-06 1.20913476e-06 ... 1.87377550e-06
    1.84276136e-06 1.77595149e-06]
   ...
   [7.50610825e-06 7.39307629e-06 7.63414196e-06 ... 7.59258444e-06
    7.85625544e-06 7.72142710e-06]
   [8.06513550e-06 7.41234088e-06 7.25923204e-06 ... 6.60927942e-06
    7.39505034e-06 7.43281314e-06]
   [7.32475252e-06 7.86525592e-06 7.44836989e-06 ... 6.67316342e-06
    7.26715770e-06 7.27634670e-06]]

  [[7.07041821e-07 6.92883513e-07 7.95221715e-07 ... 9.39670822e-07
    9.90623817e-07 9.74705784e-07]
   [6.46968237e-07 6.37814363e-07 7.26244659e-07 ... 1.21331921e-06
    1.19462526e-06 1.16116542e-06]
   [3.04239597e-07 3.15775426e-07 3.32338773e-07 ... 1.15233855e-06
    1.05903597e-06 8.79309187e-07]
   ...
   [7.82335355e-06 7.86095344e-06 8.07765271e-06 ... 7.95445450e-06
    8.10505873e-06 8.08716033e-06]
   [8.47704563e-06 8.18013725e-06 7.91966012e-06 ... 7.38573086e-06
    7.77928827e-06 7.77317536e-06]
   [7.40237460e-06 7.92336609e-06 7.90556386e-06 ... 7.18004457e-06
    7.33154473e-06 7.37195885e-06]]]


 [[[2.46503179e-07 2.35366424e-07 1.78025257e-07 ... 1.10848147e-06
    1.13340274e-06 1.12967107e-06]
   [5.38468531e-07 5.64692282e-07 5.47871399e-07 ... 1.45015326e-06
    1.41263719e-06 1.37782683e-06]
   [7.44421949e-07 7.15186953e-07 7.32134482e-07 ... 1.45174408e-06
    1.46212092e-06 1.40515451e-06]
   ...
   [7.33576082e-07 9.76280333e-07 6.40933835e-07 ... 1.14398984e-06
    8.48291821e-07 1.15791833e-06]
   [9.56416484e-07 1.14306577e-06 1.10904320e-06 ... 1.67228585e-06
    1.75265115e-06 1.83379646e-06]
   [1.72252677e-06 1.52910459e-06 1.44324144e-06 ... 1.27415800e-06
    1.30169990e-06 1.83643049e-06]]

  [[3.78483738e-07 4.24189129e-07 3.64480736e-07 ... 6.41596200e-07
    6.80502877e-07 6.58687000e-07]
   [6.58805370e-07 7.15816275e-07 6.85530818e-07 ... 1.08661891e-06
    1.04903880e-06 9.96332644e-07]
   [8.97457893e-07 8.56292579e-07 8.69851931e-07 ... 1.11740955e-06
    1.11389761e-06 1.06274672e-06]
   ...
   [5.35167283e-07 6.33082530e-07 4.36600262e-07 ... 1.11717510e-06
    9.49711034e-07 1.09262187e-06]
   [8.65453461e-07 8.82102185e-07 7.06984687e-07 ... 1.26140533e-06
    1.25029665e-06 1.44507710e-06]
   [1.54375474e-06 1.54888150e-06 1.33009069e-06 ... 1.38523145e-06
    1.27984695e-06 1.52863599e-06]]

  [[4.31738817e-07 4.10867571e-07 3.40919662e-07 ... 1.19335288e-06
    1.22692942e-06 1.24620223e-06]
   [8.64667135e-07 9.05992254e-07 8.77816757e-07 ... 1.53402757e-06
    1.49503792e-06 1.46708911e-06]
   [1.11103733e-06 1.07901018e-06 1.10575982e-06 ... 1.54523305e-06
    1.57721356e-06 1.55165742e-06]
   ...
   [2.62723806e-06 2.95407278e-06 2.54268122e-06 ... 3.06944232e-06
    2.71128916e-06 3.11626811e-06]
   [2.39788678e-06 2.49828495e-06 2.59936839e-06 ... 3.34596787e-06
    3.44866396e-06 3.51039646e-06]
   [2.94517294e-06 2.53561047e-06 2.39940968e-06 ... 2.45831319e-06
    2.60752447e-06 3.21777087e-06]]

  ...

  [[7.23746372e-07 7.24876780e-07 7.07074800e-07 ... 9.42181224e-07
    8.65995637e-07 9.58326739e-07]
   [1.42231269e-06 1.41305997e-06 1.52857123e-06 ... 1.94159815e-06
    1.89504127e-06 1.84678870e-06]
   [2.00101776e-06 2.08708827e-06 2.09974899e-06 ... 2.79280004e-06
    2.77436099e-06 2.61725573e-06]
   ...
   [4.71827469e-06 4.46043775e-06 4.65479184e-06 ... 4.51608420e-06
    4.76871458e-06 4.50223038e-06]
   [4.02378471e-06 3.61122876e-06 3.92925912e-06 ... 4.69153465e-06
    4.21747800e-06 3.21431119e-06]
   [2.92509433e-06 2.67566059e-06 2.35407944e-06 ... 3.98932990e-06
    4.51361482e-06 3.59514494e-06]]

  [[3.36581319e-07 3.21003699e-07 2.23813774e-07 ... 2.92593948e-07
    2.41668145e-07 2.62077251e-07]
   [3.34444154e-07 3.41385065e-07 2.95458078e-07 ... 3.02896661e-07
    3.04062887e-07 2.40474366e-07]
   [1.11053303e-06 1.12361527e-06 1.18886303e-06 ... 7.54230591e-07
    6.73351631e-07 6.26117337e-07]
   ...
   [5.60728520e-06 5.75203148e-06 5.55723140e-06 ... 5.88782067e-06
    5.74033268e-06 5.88277026e-06]
   [3.87845082e-06 3.88790804e-06 4.55831366e-06 ... 5.84692409e-06
    5.50791581e-06 5.23971647e-06]
   [3.44111165e-06 3.15000642e-06 3.54967100e-06 ... 4.74733158e-06
    4.78608098e-06 4.54960154e-06]]

  [[2.51272351e-07 2.60937114e-07 2.98271727e-07 ... 6.33909609e-07
    5.70748209e-07 5.82519859e-07]
   [7.09333630e-07 7.18202075e-07 7.87127777e-07 ... 1.19180284e-06
    1.18115988e-06 1.13393341e-06]
   [9.33687224e-07 9.87262908e-07 1.01211674e-06 ... 1.84626014e-06
    1.79529089e-06 1.69459937e-06]
   ...
   [6.11104939e-06 6.07855027e-06 6.06053803e-06 ... 6.12978932e-06
    6.17922362e-06 6.11588634e-06]
   [4.80731746e-06 4.61871656e-06 5.00910057e-06 ... 6.11653717e-06
    5.71477799e-06 5.13699330e-06]
   [4.13203429e-06 3.86367530e-06 3.83416597e-06 ... 5.15167094e-06
    5.50316013e-06 4.99695720e-06]]]


 [[[4.88389846e-07 5.21401069e-07 4.98481442e-07 ... 7.34547704e-07
    6.94442514e-07 6.46859503e-07]
   [6.18349082e-07 6.41952079e-07 6.39215932e-07 ... 8.84439671e-07
    8.21235293e-07 8.01330181e-07]
   [8.07983844e-07 8.15240631e-07 8.62026381e-07 ... 7.13207306e-07
    7.06072492e-07 6.90340807e-07]
   ...
   [4.93611341e-06 4.98781024e-06 4.94543381e-06 ... 5.11190982e-06
    5.05299495e-06 5.08248523e-06]
   [4.52258829e-06 4.34950777e-06 4.43790202e-06 ... 4.90868968e-06
    4.97079142e-06 4.91961955e-06]
   [4.56123733e-06 4.18105037e-06 4.14532234e-06 ... 4.60336054e-06
    4.71358561e-06 4.74361163e-06]]

  [[5.23120259e-07 5.47433766e-07 5.22481974e-07 ... 1.14340367e-06
    1.08199984e-06 1.04298588e-06]
   [4.00359088e-07 4.03490530e-07 3.92080249e-07 ... 1.19835983e-06
    1.12812866e-06 1.13673424e-06]
   [3.83870242e-07 3.69709574e-07 3.74008602e-07 ... 9.48751156e-07
    9.55512578e-07 9.02864274e-07]
   ...
   [5.71172156e-06 5.83811535e-06 5.73745415e-06 ... 5.92060562e-06
    5.81591108e-06 5.83537657e-06]
   [5.45729156e-06 5.40430715e-06 5.52155135e-06 ... 5.87683448e-06
    6.04262283e-06 5.97771766e-06]
   [5.61394599e-06 5.48045259e-06 5.59613536e-06 ... 5.62176631e-06
    5.61263132e-06 5.70010524e-06]]

  [[3.79737127e-07 4.12029239e-07 3.81382960e-07 ... 9.04559541e-07
    8.52328804e-07 8.12627895e-07]
   [4.12827478e-07 4.24028596e-07 4.14808021e-07 ... 1.01446923e-06
    9.47214305e-07 9.41409813e-07]
   [6.25302795e-07 6.24495406e-07 6.58552816e-07 ... 8.51267980e-07
    8.49996255e-07 8.21245715e-07]
   ...
   [4.54850411e-06 4.61312120e-06 4.54531933e-06 ... 4.71771921e-06
    4.63239016e-06 4.69330241e-06]
   [4.13358731e-06 3.98455091e-06 4.03427768e-06 ... 4.51043499e-06
    4.57779196e-06 4.59110436e-06]
   [4.27264602e-06 3.88247998e-06 3.82132265e-06 ... 4.17729136e-06
    4.36384772e-06 4.44596653e-06]]

  ...

  [[1.00555532e-06 9.73145459e-07 1.13940308e-06 ... 5.83617864e-07
    5.45123391e-07 5.55554279e-07]
   [1.78542005e-06 1.77205558e-06 1.94166884e-06 ... 8.89407927e-07
    9.10368791e-07 9.18573614e-07]
   [2.40465141e-06 2.44869808e-06 2.35482030e-06 ... 1.70411471e-06
    1.71542853e-06 1.66781077e-06]
   ...
   [7.95949257e-07 5.31377869e-07 7.35042985e-07 ... 5.36767729e-07
    7.42555037e-07 5.22247394e-07]
   [1.12204453e-06 1.47387483e-06 1.77808204e-06 ... 6.39221757e-07
    8.27856292e-07 8.35181768e-07]
   [3.93213454e-07 1.64292538e-06 1.48188703e-06 ... 1.06086237e-06
    1.53717879e-06 1.22124000e-06]]

  [[6.51613116e-07 6.81849854e-07 7.61070082e-07 ... 2.21816972e-07
    1.75589130e-07 2.88136992e-07]
   [9.43072042e-07 9.95800853e-07 1.09466578e-06 ... 2.07153514e-07
    1.76282237e-07 2.15254686e-07]
   [1.09342630e-06 1.14678607e-06 1.17938518e-06 ... 4.17407938e-07
    4.34226586e-07 5.18599508e-07]
   ...
   [4.30362667e-06 4.29570051e-06 4.16799925e-06 ... 4.38863399e-06
    4.28619567e-06 4.35857982e-06]
   [3.37625772e-06 3.68100371e-06 3.78437279e-06 ... 4.25828002e-06
    4.57521655e-06 5.01310385e-06]
   [3.67881658e-06 3.78090758e-06 3.73285135e-06 ... 3.13480711e-06
    3.21446172e-06 3.66350780e-06]]

  [[6.60292808e-07 6.79918205e-07 7.53647160e-07 ... 3.25029843e-07
    2.79999600e-07 3.21696010e-07]
   [9.99983235e-07 1.01605227e-06 1.11978857e-06 ... 2.14418460e-07
    2.02674915e-07 1.21286302e-07]
   [1.27043858e-06 1.32548558e-06 1.33453853e-06 ... 6.14844871e-07
    5.59405651e-07 5.41284335e-07]
   ...
   [8.38955481e-07 7.04174519e-07 6.05477459e-07 ... 6.27003975e-07
    6.25935641e-07 7.19437250e-07]
   [2.74491626e-07 6.62428657e-07 7.36136488e-07 ... 4.60561168e-07
    5.28336557e-07 8.83375785e-07]
   [2.05222188e-07 1.23432003e-06 1.59877320e-06 ... 4.14019277e-07
    1.01191131e-06 6.16361032e-07]]]]"
