,subject,period,musician,epochtype,epochs
0,01,pre,0,all,"[[-4.99825097e-07 -5.46016873e-07 -5.72881054e-07 ... -1.25896029e-06
  -1.04520272e-06 -8.38611536e-07]
 [-4.57630063e-07 -3.94192411e-07 -3.29039416e-07 ... -1.24767429e-06
  -9.68930741e-07 -7.34117201e-07]
 [-5.50754935e-07 -6.86804959e-07 -7.90857678e-07 ... -1.13235051e-06
  -9.53700856e-07 -7.52540140e-07]
 ...
 [ 2.28434487e-07  8.24472784e-08 -1.65662974e-08 ...  2.51474150e-07
   3.40712613e-07  3.93074945e-07]
 [ 3.14488527e-07  1.26082949e-07 -1.88529094e-08 ...  7.55381302e-08
   2.37008808e-07  3.69913828e-07]
 [ 8.54794699e-07  8.19744275e-07  7.71887853e-07 ...  3.72033700e-07
   5.12619753e-07  6.32455371e-07]]"
1,01,post,0,all,"[[-9.30472275e-07 -9.49516477e-07 -9.69420791e-07 ... -1.18713922e-06
  -1.07800066e-06 -9.89259738e-07]
 [-1.02679054e-06 -1.01629359e-06 -1.02137818e-06 ... -1.21471641e-06
  -1.11314569e-06 -1.02764355e-06]
 [-1.03098274e-06 -1.04711656e-06 -1.06613779e-06 ... -1.26551813e-06
  -1.15666520e-06 -1.06592181e-06]
 ...
 [ 1.47242856e-07  1.21518449e-07  9.53365162e-08 ...  4.28653441e-07
   3.89723754e-07  2.39535442e-07]
 [ 1.73290741e-07  2.01165314e-07  2.05066649e-07 ...  2.76457673e-07
   2.88972579e-07  1.90231036e-07]
 [-9.54195595e-08 -3.60792172e-08  2.24945574e-08 ...  2.04101765e-07
   2.18179454e-07  1.44921910e-07]]"
2,04,pre,0,all,"[[-4.35429119e-08 -1.14306494e-07 -1.34026737e-07 ...  2.67620362e-07
   1.96529103e-07  1.19000829e-07]
 [ 7.29989037e-08 -2.32362499e-08 -5.76344581e-08 ...  3.02638624e-07
   2.55276375e-07  2.14417854e-07]
 [ 1.23798765e-07 -4.06754221e-09 -4.27641709e-08 ...  2.57831615e-07
   1.37037749e-07  1.24060841e-08]
 ...
 [ 1.08598798e-06  9.55724551e-07  7.38871262e-07 ...  2.46985225e-07
   1.21489868e-07 -8.33686037e-08]
 [ 5.40398194e-07  4.55115129e-07  3.47571715e-07 ...  6.61063858e-08
  -2.14430081e-07 -5.18221117e-07]
 [ 5.33917989e-07  4.74757362e-07  4.03161188e-07 ... -1.68042328e-07
  -4.18537691e-07 -6.98131194e-07]]"
3,04,post,0,all,"[[ 6.52637034e-08  1.75366379e-07  2.23365344e-07 ... -5.79430684e-07
  -6.12534739e-07 -5.78950807e-07]
 [-1.09523656e-07 -1.45763332e-08  4.07849134e-08 ... -5.68610267e-07
  -5.74677022e-07 -5.35306868e-07]
 [-3.76163248e-08  8.88056612e-08  1.57918722e-07 ... -6.42153810e-07
  -6.28947338e-07 -5.70588831e-07]
 ...
 [ 1.25128552e-07  1.13118859e-08 -1.20078892e-07 ...  5.48426540e-07
   6.92516720e-07  7.35050404e-07]
 [ 2.27277867e-07  1.90376644e-07  1.05664223e-07 ...  4.97763964e-07
   6.73808833e-07  7.79732630e-07]
 [ 6.61085715e-08  5.98314153e-08  1.89725165e-08 ...  5.46386572e-07
   6.99653692e-07  7.69010864e-07]]"
4,05,pre,0,all,"[[ 7.14047675e-07  4.63072944e-07  2.63773778e-07 ... -1.32559938e-06
  -1.51366501e-06 -1.66297084e-06]
 [ 7.87591726e-07  5.29047170e-07  2.90305981e-07 ... -1.15924784e-06
  -1.25347034e-06 -1.33370926e-06]
 [ 6.64285793e-07  3.90603473e-07  1.87599232e-07 ... -1.43823394e-06
  -1.64046703e-06 -1.83452412e-06]
 ...
 [-3.12260706e-08  9.97177293e-08  2.58947385e-07 ...  2.52828213e-07
   8.73194459e-08 -1.92733245e-08]
 [-9.11994861e-08  1.14120415e-08  2.23284211e-07 ...  2.30097406e-07
   1.04342398e-07  3.23368829e-08]
 [-1.33134191e-07 -2.64536181e-08  1.21344268e-07 ...  1.92538611e-07
   8.16855147e-08  2.39961621e-08]]"
5,05,post,0,all,"[[ 1.25191184e-07  1.40618693e-07  1.86020320e-07 ... -9.79029162e-07
  -1.01194059e-06 -1.07700241e-06]
 [ 1.63020403e-07  1.93049142e-07  2.49456363e-07 ... -1.18763699e-06
  -1.27392903e-06 -1.32864107e-06]
 [ 1.91091244e-07  2.29818961e-07  2.76376273e-07 ... -1.28360985e-06
  -1.30654795e-06 -1.35604910e-06]
 ...
 [ 3.09510697e-08  6.62317129e-08  9.53969105e-08 ... -2.40527952e-07
  -2.19637147e-07 -2.09208703e-07]
 [ 1.05634463e-07  9.75176206e-08  1.37815458e-07 ... -4.51986536e-07
  -3.54600203e-07 -2.59988328e-07]
 [-1.95892482e-07 -1.71321587e-07 -8.72967766e-08 ...  1.10801079e-07
   1.61194376e-07  1.77121392e-07]]"
6,06,pre,1,all,"[[ 1.23062665e-06  1.29611185e-06  1.26829753e-06 ... -9.70785482e-07
  -9.74754391e-07 -1.01608993e-06]
 [ 1.14452140e-06  1.22064825e-06  1.21876774e-06 ... -7.85261975e-07
  -7.60001590e-07 -8.20295341e-07]
 [ 1.40891147e-06  1.41257122e-06  1.37034866e-06 ... -1.23549856e-06
  -1.26560623e-06 -1.34506954e-06]
 ...
 [-1.08610655e-07 -8.20207472e-09 -5.04268607e-09 ...  5.74884120e-08
   1.27228165e-07  2.41019174e-07]
 [ 1.44608705e-07  2.82762630e-07  3.33304273e-07 ... -3.30961786e-07
  -2.49243748e-07 -1.50668872e-07]
 [-6.62967720e-08  5.07589564e-08  1.12304602e-07 ... -1.70810513e-07
  -6.90792537e-08  8.22843373e-08]]"
7,06,post,1,all,"[[ 8.11985782e-07  8.58877751e-07  9.65762987e-07 ... -1.15930672e-06
  -1.20451006e-06 -1.30272729e-06]
 [ 8.55945669e-07  9.03166101e-07  1.03106275e-06 ... -9.74127328e-07
  -1.03568039e-06 -1.09098464e-06]
 [ 1.11532278e-06  1.24941792e-06  1.43125859e-06 ... -1.34912419e-06
  -1.40305190e-06 -1.51050564e-06]
 ...
 [-2.90713072e-07 -6.06140301e-08  1.92461350e-07 ...  3.61881178e-07
   2.32595235e-07  1.47040656e-07]
 [-2.29564905e-08  1.49366338e-07  3.60059484e-07 ...  8.28165940e-08
   2.49551117e-08 -1.07723317e-08]
 [-1.30849265e-07  1.10427810e-07  3.77635074e-07 ...  4.70163455e-07
   3.77541787e-07  2.70652871e-07]]"
8,07,pre,1,all,"[[-9.95980806e-07 -1.20536006e-06 -1.30815856e-06 ... -2.10040350e-06
  -2.31098402e-06 -2.43515289e-06]
 [-8.44301930e-07 -1.01536931e-06 -1.10392756e-06 ... -1.77050989e-06
  -1.91621510e-06 -1.99747982e-06]
 [-1.07085965e-06 -1.20570961e-06 -1.26187554e-06 ... -1.76866143e-06
  -1.89889819e-06 -1.98251567e-06]
 ...
 [-7.81228818e-08 -7.82144957e-09  5.81350710e-08 ...  2.71879966e-07
   9.32495721e-08 -2.15286575e-08]
 [-2.84124763e-07 -1.54676382e-07 -6.58409468e-08 ...  1.86182719e-07
   1.09191501e-07  2.74936221e-08]
 [-1.05154512e-07  2.47085911e-08  1.09181136e-07 ...  1.78825749e-07
   1.28544755e-07  1.00516427e-07]]"
9,07,post,1,all,"[[ 9.14928779e-07  8.71896863e-07  7.88509216e-07 ... -1.09087844e-06
  -1.26242283e-06 -1.37476939e-06]
 [ 7.28665059e-07  7.45365500e-07  7.15193923e-07 ... -1.14198948e-06
  -1.27371842e-06 -1.34724781e-06]
 [ 7.20813513e-07  7.18242971e-07  6.35488317e-07 ... -9.33544631e-07
  -1.11321900e-06 -1.23138838e-06]
 ...
 [-3.99372323e-07 -6.76820415e-07 -9.42400087e-07 ...  2.33772442e-07
   3.29358692e-07  4.16729989e-07]
 [-3.27369890e-07 -5.71653240e-07 -8.25098675e-07 ...  2.16293534e-07
   3.05725675e-07  3.85313562e-07]
 [-3.82453750e-07 -6.55713544e-07 -9.56339086e-07 ...  4.26931293e-07
   5.67265545e-07  7.01604759e-07]]"
10,08,pre,0,all,"[[ 3.00891340e-07  1.26698139e-07 -3.60329394e-09 ... -8.29553836e-07
  -1.01928975e-06 -1.22889299e-06]
 [ 2.58850807e-07  1.40993891e-07  7.84553761e-08 ... -8.62090621e-07
  -1.03857475e-06 -1.23158692e-06]
 [ 3.65599344e-07  1.85329596e-07  3.63742729e-08 ... -9.51204705e-07
  -1.13061335e-06 -1.33786315e-06]
 ...
 [-5.17167835e-07 -5.67983857e-07 -4.87299417e-07 ... -3.00684168e-08
   8.99410413e-08  2.86606645e-07]
 [-2.37170906e-07 -2.87466799e-07 -2.33860558e-07 ... -1.44214188e-07
  -1.11148723e-07 -1.89722532e-08]
 [-9.48288783e-07 -9.45494491e-07 -7.66381440e-07 ... -1.80066239e-07
  -9.33266056e-08  8.55754772e-08]]"
11,08,post,0,all,"[[-3.99404007e-07 -4.76570720e-07 -5.09236737e-07 ... -7.00072348e-07
  -7.05828008e-07 -7.38111987e-07]
 [-6.17196886e-07 -6.38568767e-07 -6.02787746e-07 ... -8.52221026e-07
  -7.83545445e-07 -7.19381121e-07]
 [-4.43325864e-07 -5.31017511e-07 -5.54839581e-07 ... -9.33718126e-07
  -8.51643550e-07 -8.12820608e-07]
 ...
 [-3.16566684e-07 -5.22476988e-07 -5.41918076e-07 ... -4.77493969e-08
  -4.01473519e-08 -1.16348225e-07]
 [-1.44288793e-07 -4.17186170e-07 -5.19992996e-07 ... -1.56280153e-07
  -1.47495175e-07 -1.96320205e-07]
 [-5.19382572e-07 -8.13307719e-07 -8.36190196e-07 ... -7.69360183e-08
  -1.20990574e-08 -3.63601365e-08]]"
12,09,pre,0,all,"[[-3.84416275e-07 -2.47611656e-07 -1.40135196e-07 ... -7.41862154e-07
  -7.69301529e-07 -8.23154054e-07]
 [-3.91622112e-07 -3.28342540e-07 -2.50113535e-07 ... -5.06247328e-07
  -5.16715927e-07 -5.39154911e-07]
 [-2.94390656e-07 -2.06650567e-07 -1.46426272e-07 ... -9.46558041e-07
  -9.76825676e-07 -1.01475127e-06]
 ...
 [-2.90102640e-07 -1.45493650e-07 -5.89902961e-08 ...  3.65931198e-08
  -1.31476989e-07 -2.75150167e-07]
 [-2.94608111e-07 -1.52808111e-07 -5.22728702e-08 ... -1.72556074e-08
  -1.86525317e-07 -3.44476426e-07]
 [-3.90967695e-07 -2.53264664e-07 -1.58343918e-07 ...  1.45144454e-07
   1.14244718e-08 -1.10989732e-07]]"
13,09,post,0,all,"[[-4.05664369e-07 -3.64225704e-07 -3.26780693e-07 ... -8.15903422e-07
  -8.54524760e-07 -8.94366087e-07]
 [-4.55390406e-07 -4.48576158e-07 -4.39647816e-07 ... -6.61148796e-07
  -6.78589877e-07 -6.83860188e-07]
 [-3.45412590e-07 -3.42341503e-07 -3.40310437e-07 ... -7.45790569e-07
  -8.50421922e-07 -9.39658455e-07]
 ...
 [ 2.09446070e-07  1.10218673e-07  5.05312845e-08 ...  5.82646042e-07
   4.82185475e-07  3.24915964e-07]
 [ 1.82761182e-07  8.69416522e-08  2.15419407e-08 ...  3.50577437e-07
   2.59171434e-07  1.08891532e-07]
 [ 1.45832734e-07  1.85840320e-09 -1.24206264e-07 ...  4.67551890e-07
   4.26723592e-07  3.04865987e-07]]"
14,10,pre,0,all,"[[-4.67330756e-07 -3.22093202e-07 -2.46925415e-07 ... -1.99027595e-08
   7.17428653e-08  9.30564691e-08]
 [-5.83059768e-07 -3.64867904e-07 -2.43284071e-07 ... -8.44090081e-08
   3.76996142e-08  7.37413384e-08]
 [-4.02808660e-07 -2.22078079e-07 -1.44844351e-07 ...  1.66000532e-07
   3.06319506e-07  3.41867797e-07]
 ...
 [-1.36531233e-07 -2.66284557e-08  6.50336451e-08 ...  3.98908118e-07
   5.13082602e-07  5.61915792e-07]
 [-3.12029172e-07 -1.78174867e-07 -6.94400668e-08 ...  4.34224453e-07
   5.71637928e-07  6.04933688e-07]
 [-2.94651686e-07 -2.02357459e-07 -1.02986870e-07 ...  1.12346353e-07
   1.70396221e-07  1.61033446e-07]]"
15,10,post,0,all,"[[-1.52558793e-08 -1.26256319e-08 -4.06385030e-08 ...  3.32220826e-07
   4.72232464e-07  5.30508635e-07]
 [ 7.02939526e-07  5.86670706e-07  4.60031522e-07 ...  6.07893377e-07
   7.75741447e-07  9.09667710e-07]
 [ 1.00560202e-07  8.20527739e-08  4.05638230e-08 ...  9.83234307e-08
   2.88777387e-07  4.39523273e-07]
 ...
 [ 7.01468185e-07  7.84741324e-07  8.31706285e-07 ...  3.10934884e-07
   6.35105340e-07  9.18496378e-07]
 [ 6.09600207e-07  7.07710673e-07  7.39925962e-07 ...  4.83432915e-07
   8.30175487e-07  1.12887606e-06]
 [-2.77968111e-07 -5.27656589e-08  1.31626751e-07 ...  2.67376427e-07
   5.06760658e-07  7.19843679e-07]]"
16,11,pre,0,all,"[[-2.91842413e-07 -1.37640643e-07  1.86138781e-08 ... -7.69576639e-07
  -7.43365889e-07 -7.65971548e-07]
 [-3.31862442e-07 -2.16871873e-07 -9.81305476e-08 ... -6.44311689e-07
  -6.26505687e-07 -6.54854868e-07]
 [-4.92665690e-07 -2.86617793e-07 -6.79103060e-08 ... -8.23820888e-07
  -8.07835687e-07 -8.54616178e-07]
 ...
 [-4.72093693e-07 -2.30753188e-07  1.52884653e-08 ...  3.01500085e-07
   5.46781569e-08 -2.00909908e-07]
 [-5.64123435e-07 -2.09356807e-07  1.31839705e-07 ...  4.04500313e-07
   1.77172396e-07 -1.12531871e-07]
 [-4.40574839e-07 -1.63050419e-07  8.91499905e-08 ...  3.13046999e-07
   1.36242312e-07 -7.48125775e-08]]"
17,11,post,0,all,"[[-4.68461870e-07 -3.43234473e-07 -2.44357493e-07 ... -4.33584059e-07
  -3.29932560e-07 -2.62999277e-07]
 [-3.20813420e-07 -2.27651751e-07 -1.60158886e-07 ... -5.73631015e-07
  -4.52990784e-07 -3.53738595e-07]
 [-2.73520809e-07 -1.45309699e-07 -5.03677301e-08 ... -4.32253284e-07
  -3.35027547e-07 -2.82529404e-07]
 ...
 [ 1.00784822e-06  7.74882374e-07  4.41709337e-07 ... -6.33405809e-08
  -2.04966162e-08  3.27808006e-08]
 [ 1.00719211e-06  8.14207667e-07  5.03195460e-07 ...  1.69018797e-07
   2.52023979e-07  2.81705846e-07]
 [ 9.42397192e-07  7.51671160e-07  4.50340236e-07 ...  1.51283245e-07
   1.51126143e-07  1.46478139e-07]]"
18,12,pre,1,all,"[[-2.91173153e-06 -2.25513982e-06 -1.45384423e-06 ...  1.45889127e-06
   1.33403984e-06  1.10724613e-06]
 [-2.74178615e-06 -2.12331565e-06 -1.35859115e-06 ...  9.95599831e-07
   7.66399970e-07  4.78593154e-07]
 [-1.76841775e-06 -1.34099384e-06 -7.93733630e-07 ...  1.09411654e-06
   1.00860457e-06  7.79920743e-07]
 ...
 [ 4.74623640e-07  5.68158691e-07  6.74700938e-07 ...  7.40269514e-07
   7.91066329e-07  8.38416001e-07]
 [ 7.74765405e-07  7.31335109e-07  6.96492975e-07 ...  1.00679229e-06
   9.54546156e-07  8.98858329e-07]
 [ 5.13146977e-07  4.19832911e-07  3.79447491e-07 ...  9.17282055e-07
   9.14740355e-07  8.98740293e-07]]"
19,12,post,1,all,"[[ 4.01927254e-07  4.15998217e-07  4.39924873e-07 ...  9.04062261e-07
   8.86755752e-07  8.59152775e-07]
 [ 6.58618391e-07  6.53399561e-07  7.18023642e-07 ...  7.83312746e-07
   8.62187256e-07  8.97053816e-07]
 [ 9.23756849e-07  1.03950756e-06  1.17505705e-06 ...  8.37487018e-07
   9.48206314e-07  9.89035483e-07]
 ...
 [ 3.61129622e-07  2.92671841e-07  2.34966938e-07 ... -7.17872591e-08
   3.99041799e-08  8.97170438e-08]
 [ 4.00250145e-07  3.89852354e-07  3.96452323e-07 ...  2.23054223e-07
   3.72239387e-07  3.85530207e-07]
 [ 2.99062453e-07  2.60719530e-07  2.34979793e-07 ...  1.34609534e-07
   1.90228462e-07  1.56217404e-07]]"
20,13,pre,1,all,"[[ 9.17650476e-07  5.35773366e-07  3.10329792e-07 ... -9.10047678e-07
  -1.36602144e-06 -1.70835569e-06]
 [ 9.34443403e-07  5.99268324e-07  3.41293488e-07 ... -4.98220428e-07
  -9.53887657e-07 -1.35159902e-06]
 [ 9.58284047e-07  5.77365220e-07  3.47942605e-07 ... -1.13613905e-07
  -6.71732483e-07 -1.15865313e-06]
 ...
 [ 7.84599333e-07  1.16001153e-06  1.36166854e-06 ...  2.59646429e-07
   9.76952163e-07  1.43619983e-06]
 [ 4.87900680e-07  6.11535207e-07  6.57095361e-07 ...  4.51410958e-07
   8.18215356e-07  9.85686110e-07]
 [ 4.66104624e-07  7.68088944e-07  9.42864229e-07 ...  2.32058793e-07
   8.28305607e-07  1.21159451e-06]]"
21,13,post,1,all,"[[ 7.67337280e-07  6.72635095e-07  6.41233797e-07 ...  5.47839836e-08
  -1.93500738e-07 -5.59404035e-07]
 [ 6.29580582e-07  4.97618382e-07  4.46254693e-07 ...  2.03877809e-07
  -2.84416693e-09 -2.96246383e-07]
 [ 9.14009880e-07  8.37614448e-07  8.27085346e-07 ... -3.53216383e-07
  -6.53365725e-07 -1.05275236e-06]
 ...
 [ 6.20312218e-07  5.86029869e-07  2.74741494e-07 ...  6.83080354e-07
   7.11576203e-07  7.86015109e-07]
 [ 9.83001429e-08  1.70709228e-07  1.19780103e-07 ...  7.95697184e-07
   6.70574549e-07  5.70931465e-07]
 [ 1.97569008e-07  2.31643956e-07  7.23247469e-08 ...  6.98495663e-07
   6.98512160e-07  7.78038431e-07]]"
22,14,pre,1,all,"[[ 9.98952643e-07  1.03317375e-06  1.08781469e-06 ... -6.43740784e-07
  -6.68434292e-07 -6.95246428e-07]
 [ 8.23627150e-07  8.49611142e-07  8.68425359e-07 ... -5.65260650e-07
  -5.07134279e-07 -4.59570188e-07]
 [ 1.35140274e-06  1.43728855e-06  1.54015943e-06 ... -6.35207133e-07
  -6.94100921e-07 -7.93326903e-07]
 ...
 [-1.52855287e-06 -1.60828830e-06 -1.38290283e-06 ...  6.36526914e-07
   9.28012834e-07  1.09069909e-06]
 [-3.65310850e-07 -1.40151553e-07  1.86174466e-07 ... -1.02055042e-07
  -4.88984280e-08 -5.10105504e-08]
 [-6.27969368e-07 -4.73266660e-07 -1.78245439e-07 ... -2.49073227e-10
   1.71632815e-07  2.90933309e-07]]"
23,14,post,1,all,"[[ 4.40912083e-07  6.10416484e-07  7.05996717e-07 ... -7.31688731e-07
  -7.16944494e-07 -7.16200290e-07]
 [ 6.48736646e-07  7.27154500e-07  7.54122884e-07 ... -2.88560611e-07
  -2.90239186e-07 -3.23097627e-07]
 [ 6.63921929e-07  8.74519511e-07  9.92043900e-07 ... -1.01324782e-06
  -9.93955404e-07 -9.71791290e-07]
 ...
 [-3.95376657e-07 -4.98330446e-07 -6.66026127e-07 ...  4.66018001e-08
   2.40699418e-07  4.76463971e-07]
 [ 4.02768560e-07  3.29542671e-07  5.54614083e-08 ...  7.31542733e-07
   8.55508068e-07  8.42742414e-07]
 [-3.15436608e-07 -3.94174511e-07 -5.53525541e-07 ...  4.02755969e-07
   5.88835420e-07  7.42267658e-07]]"
24,15,pre,1,all,"[[-1.48358211e-06 -1.34215674e-06 -1.28946520e-06 ... -9.39518114e-07
  -1.12584265e-06 -1.29707518e-06]
 [-1.10073777e-06 -9.77243436e-07 -8.84378663e-07 ... -7.14313566e-07
  -8.21450411e-07 -9.21071169e-07]
 [-1.04196609e-06 -8.90032602e-07 -8.24398274e-07 ... -7.94398205e-07
  -9.50294376e-07 -1.06000798e-06]
 ...
 [-5.21471788e-07 -5.23577036e-07 -5.15320406e-07 ... -4.06007320e-07
  -4.60511393e-07 -4.91330965e-07]
 [-6.51534571e-07 -6.01682342e-07 -5.87927165e-07 ... -6.73632279e-07
  -7.49690981e-07 -7.94381348e-07]
 [-7.00133377e-07 -7.74805263e-07 -8.07218341e-07 ... -2.61271641e-07
  -1.86355912e-07 -1.10421610e-07]]"
25,15,post,1,all,"[[-5.65175085e-07 -3.78562980e-07 -3.82740820e-07 ... -3.96273005e-07
  -2.32301936e-07 -2.20211531e-07]
 [-8.59146291e-07 -7.81589853e-07 -8.37287125e-07 ... -1.16707982e-06
  -9.68489185e-07 -8.81697985e-07]
 [-7.94575764e-07 -7.79930942e-07 -8.49240670e-07 ... -8.14249436e-07
  -6.36380810e-07 -5.63633374e-07]
 ...
 [-2.49622890e-07 -3.48390500e-07 -4.51952540e-07 ... -2.92865160e-07
  -3.60628535e-07 -4.96078346e-07]
 [-3.51383514e-07 -4.37064584e-07 -5.60958058e-07 ... -3.55480831e-07
  -4.06511280e-07 -5.62091482e-07]
 [ 4.09546016e-07  2.94754426e-07  1.24519901e-07 ...  4.06050069e-08
   4.18543291e-09 -1.45326161e-07]]"
26,16,pre,0,all,"[[-2.72722057e-07 -2.71473811e-07 -2.85525286e-07 ... -5.98854844e-07
  -6.60029333e-07 -6.94333831e-07]
 [ 4.80182532e-08 -9.98136700e-09 -1.11139712e-07 ... -3.92612957e-07
  -4.74789191e-07 -5.50683833e-07]
 [-7.86615607e-08 -1.29018411e-07 -2.17024091e-07 ... -5.74321713e-07
  -6.77999692e-07 -7.57765663e-07]
 ...
 [ 1.01030518e-07  1.29586577e-07  1.21727084e-07 ... -2.95807304e-07
  -3.26485820e-07 -3.71390605e-07]
 [ 1.98642663e-07  1.68019888e-07  4.74776950e-08 ... -1.77900002e-07
  -2.21622757e-07 -2.95246474e-07]
 [ 3.32051057e-07  3.75960693e-07  3.30722523e-07 ...  2.15256396e-07
   2.30385490e-07  1.53267170e-07]]"
27,16,post,0,all,"[[ 1.11666159e-07  4.64210308e-07  8.20332287e-07 ... -7.64709263e-07
  -9.06000263e-07 -9.43689507e-07]
 [ 1.95455715e-07  4.94077088e-07  7.93849005e-07 ... -9.25047431e-07
  -9.82143720e-07 -9.00300722e-07]
 [ 2.01952301e-07  5.58380798e-07  9.17232886e-07 ... -9.59427824e-07
  -1.07446863e-06 -1.05256631e-06]
 ...
 [ 5.37861791e-07 -1.46628798e-07 -8.58556034e-07 ...  1.07386517e-07
   2.09872260e-07  1.76225188e-07]
 [ 9.48256965e-07  1.57550502e-07 -7.26826118e-07 ...  4.39388235e-09
   1.31272884e-07  1.23725457e-07]
 [ 6.00588578e-07 -5.29550118e-08 -6.87238550e-07 ... -1.82149218e-07
  -1.02848236e-07 -5.32934208e-08]]"
28,17,pre,1,all,"[[-3.27901742e-08 -4.80070685e-08 -3.92700071e-08 ...  6.51593542e-08
   6.99696478e-08  6.00131796e-08]
 [-1.17512620e-07 -1.01292181e-07 -7.32341116e-08 ...  3.19668062e-08
   1.24313644e-07  1.86152150e-07]
 [-5.68445994e-08 -7.94083675e-08 -8.28185442e-08 ...  1.57576290e-07
   2.16640147e-07  2.33432010e-07]
 ...
 [ 1.52160508e-07  1.39827013e-07  3.32677530e-08 ...  1.21898367e-07
   2.86974565e-07  4.09845243e-07]
 [ 4.10577779e-07  3.83410452e-07  2.16858570e-07 ... -5.90345508e-08
   2.40494558e-07  4.85690474e-07]
 [ 1.63315648e-07  1.40460008e-07  5.25779792e-08 ...  2.07773828e-07
   3.31875213e-07  4.07703152e-07]]"
29,17,post,1,all,"[[-2.14379023e-07 -1.57267135e-07 -1.73345531e-07 ...  2.64412505e-07
   3.10194527e-07  3.14618955e-07]
 [ 1.39649784e-07  1.76702771e-07  1.11870141e-07 ...  7.03550243e-08
   2.90252660e-08 -2.64405873e-08]
 [-1.77678309e-07 -1.85289610e-07 -2.33580642e-07 ...  2.69071593e-07
   3.14035859e-07  2.62919868e-07]
 ...
 [-6.83990307e-07 -8.66310461e-07 -8.70846681e-07 ...  3.64855411e-07
   4.90838002e-07  5.67085983e-07]
 [-6.94951523e-07 -1.14110774e-06 -1.32767296e-06 ...  6.99573308e-07
   7.96970614e-07  8.13680931e-07]
 [-5.48529466e-07 -7.63548718e-07 -8.21438970e-07 ...  3.82804564e-07
   4.71940852e-07  5.40870208e-07]]"
30,18,pre,1,all,"[[ 4.74568593e-07  6.91233146e-07  8.11948896e-07 ... -9.80781080e-07
  -6.28827464e-07 -2.29118063e-07]
 [ 4.02176623e-07  6.86897684e-07  8.57935657e-07 ... -8.30296673e-07
  -5.26585688e-07 -2.00126420e-07]
 [ 4.52063701e-07  7.55470021e-07  9.55266501e-07 ... -1.44636652e-06
  -1.08093250e-06 -6.52226486e-07]
 ...
 [-1.54344538e-06 -1.31249332e-06 -9.55419528e-07 ... -5.75630268e-07
  -1.08008610e-06 -1.49949973e-06]
 [-5.90207987e-07 -3.68354441e-07 -9.59667917e-08 ... -6.21103073e-07
  -9.04306394e-07 -1.22193128e-06]
 [-6.29130814e-07 -5.26766814e-07 -3.39526326e-07 ...  7.76258625e-08
  -2.80056169e-07 -6.77452057e-07]]"
31,18,post,1,all,"[[ 3.82844375e-07  4.61910268e-07  5.11731848e-07 ... -2.26446466e-07
  -3.83098681e-08  7.20662781e-08]
 [ 5.31243025e-07  5.76648947e-07  5.92363611e-07 ... -1.78371086e-08
   1.26188682e-07  2.13185271e-07]
 [ 6.39507968e-07  6.67439987e-07  6.57233612e-07 ... -6.70180819e-07
  -4.86073790e-07 -3.36524307e-07]
 ...
 [-1.95684463e-07 -2.10239658e-07 -1.97056067e-07 ...  5.04134798e-07
   4.88447424e-07  4.05448705e-07]
 [ 3.50171579e-07  2.74596940e-07  2.02362907e-07 ...  2.42295225e-07
   2.89542831e-07  2.79351757e-07]
 [ 2.22745924e-08  6.79452312e-09  1.72745927e-08 ...  4.48589389e-07
   5.76077578e-07  6.26139627e-07]]"
32,19,pre,0,all,"[[ 5.30964096e-07  5.37272474e-07  5.73122011e-07 ... -9.99006430e-07
  -9.88553526e-07 -9.42920969e-07]
 [ 5.67560316e-07  5.54482444e-07  5.60428571e-07 ... -1.00165003e-06
  -1.03059012e-06 -9.96495548e-07]
 [ 2.57376534e-07  2.40372726e-07  2.48836402e-07 ... -9.33115471e-07
  -8.78455449e-07 -7.98820882e-07]
 ...
 [ 9.57746562e-08  2.53286852e-08  2.86960128e-08 ... -8.94071551e-08
  -6.04067692e-08 -1.05084318e-07]
 [ 6.30864507e-07  3.15336593e-07  5.02198937e-08 ... -4.40317133e-07
  -3.10639061e-07 -2.53285698e-07]
 [ 7.36513024e-08 -4.63401642e-08 -1.71991424e-07 ... -2.93770275e-07
  -6.60782126e-08  8.47822599e-08]]"
33,19,post,0,all,"[[-6.82578192e-09  4.81404477e-08  8.48648112e-08 ... -1.38680496e-07
  -8.94243498e-08 -2.31358337e-08]
 [ 1.04229012e-07  1.95485575e-07  2.41827314e-07 ...  9.32581799e-08
   1.87103876e-07  2.75850022e-07]
 [ 1.72115919e-07  2.76093752e-07  3.42415647e-07 ... -5.11698591e-09
   2.19710672e-08  1.09774555e-07]
 ...
 [-5.91958550e-09  2.65071336e-08 -3.67572496e-10 ... -7.44384293e-09
  -8.59839600e-08 -2.56434185e-07]
 [-5.32938664e-07 -5.25992505e-07 -5.11073257e-07 ... -2.94458734e-07
  -3.69927497e-07 -4.64977475e-07]
 [-6.86768034e-07 -7.61243764e-07 -8.15671685e-07 ... -1.91507084e-07
  -1.80566385e-07 -1.99201528e-07]]"
34,20,pre,0,all,"[[ 3.88205192e-07  3.96971269e-07  4.46611605e-07 ... -1.36086601e-06
  -1.44079838e-06 -1.48467474e-06]
 [ 2.50109525e-07  2.68995288e-07  2.99359438e-07 ... -8.46648193e-07
  -9.13839878e-07 -9.55595103e-07]
 [ 7.13055407e-07  7.04560027e-07  7.33910581e-07 ... -1.49948268e-06
  -1.63334955e-06 -1.75723212e-06]
 ...
 [-1.07648657e-07 -1.15967616e-07 -1.44014996e-07 ...  4.71748356e-07
   4.35835537e-07  3.65075707e-07]
 [-2.51082702e-07 -2.73806498e-07 -2.38698110e-07 ...  1.67148121e-07
   1.06970374e-07  7.94844471e-08]
 [-5.53739956e-07 -5.21707714e-07 -4.44849365e-07 ...  5.72163895e-07
   5.38082316e-07  4.91329701e-07]]"
35,20,post,0,all,"[[-2.28968982e-08 -9.77991652e-09 -1.00772109e-08 ... -5.25489187e-07
  -8.25850626e-07 -1.06514547e-06]
 [-1.47172600e-07 -1.17797741e-07 -9.66566204e-08 ... -6.24980818e-07
  -9.11153091e-07 -1.10833140e-06]
 [-3.00723311e-07 -2.81693710e-07 -2.61055218e-07 ... -9.13517723e-07
  -1.28117591e-06 -1.54377413e-06]
 ...
 [ 9.39900220e-07  9.41252671e-07  7.45150908e-07 ...  4.10884973e-07
   5.52443762e-07  5.18435578e-07]
 [ 7.97892596e-07  6.76450848e-07  4.53535473e-07 ...  3.82290188e-07
   5.21405868e-07  5.17238083e-07]
 [ 2.72164297e-07  2.45480960e-07  6.46574249e-08 ...  7.14668678e-08
   3.42535370e-07  5.14636613e-07]]"
